FREQ,FREQ_LABEL,REF_AREA,REF_AREA_LABEL,INDICATOR,INDICATOR_LABEL,UNIT_MEASURE,UNIT_MEASURE_LABEL,DATABASE_ID,DATABASE_ID_LABEL,UNIT_MULT,UNIT_MULT_LABEL,OBS_STATUS,OBS_STATUS_LABEL,OBS_CONF,OBS_CONF_LABEL,1970,1971,1972,1973,1974,1975,1976,1977,1978,1979,1980,1981,1982,1983,1984,1985,1986,1987,1988,1989,1990,1991,1992,1993,1994,1995,1996,1997,1998,1999,2000,2001,2002,2003,2004,2005,2006,2007,2008,2009,2010,2011,2012,2013,2014,2015,2016,2017,2018,2019,2020
A,Annual,AFG,Afghanistan,WB_ESG_EN_CLC_HEAT_XD,Heat Index 35,COUNT,Count,WB_ESG,"Environment, Social & Governance (ESG)",0,Units,A,Normal value,PU,Public,1.69,0.48,0.76,1.22,0.39,0.9,1.08,2.66,1.52,1.23,0.39,1.02,1.66,4.45,0.41,0.57,0.55,0.37,4.73,0.46,0.58,0.33,0.15,0.2,2.84,2.84,0.66,1.82,1.83,1.53,0.35,1.08,1.02,2.35,0.59,1.8,3.68,1.34,3.92,1.84,1.62,1.46,0.76,3.14,0.97,1.88,1.55,1.79,2.16,2.36,1.26
A,Annual,AGO,Angola,WB_ESG_EN_CLC_HEAT_XD,Heat Index 35,COUNT,Count,WB_ESG,"Environment, Social & Governance (ESG)",0,Units,A,Normal value,PU,Public,0.0,0.0,0.0,0.0,0.0,0.0,0.0,0.0,0.0,0.0,0.0,0.0,0.0,0.0,0.0,0.0,0.0,0.0,0.0,0.0,0.0,0.0,0.0,0.0,0.0,0.0,0.0,0.0,0.0,0.0,0.0,0.0,0.01,0.0,0.0,0.0,0.0,0.0,0.0,0.0,0.0,0.0,0.0,0.0,0.0,0.0,0.02,0.0,0.0,0.0,0.0
A,Annual,ALB,Albania,WB_ESG_EN_CLC_HEAT_XD,Heat Index 35,COUNT,Count,WB_ESG,"Environment, Social & Governance (ESG)",0,Units,A,Normal value,PU,Public,0.0,0.0,0.0,0.0,0.0,0.0,0.0,0.0,0.0,0.0,0.0,0.0,0.0,0.0,0.0,0.0,0.0,0.0,0.04,0.0,0.0,0.0,0.0,0.0,0.0,0.0,0.0,0.0,0.06,0.02,0.0,0.0,0.0,0.0,0.0,0.0,0.02,0.0,0.0,0.0,0.0,0.0,0.0,0.0,0.0,0.04,0.0,0.08,0.0,0.06,0.0
A,Annual,AND,Andorra,WB_ESG_EN_CLC_HEAT_XD,Heat Index 35,COUNT,Count,WB_ESG,"Environment, Social & Governance (ESG)",0,Units,A,Normal value,PU,Public,0.0,0.0,0.0,0.0,0.0,0.0,0.0,0.0,0.0,0.0,0.0,0.0,0.0,0.0,0.0,0.0,0.0,0.0,0.0,0.0,0.0,0.0,0.0,0.0,0.0,0.0,0.0,0.0,0.0,0.0,0.0,0.0,0.0,0.0,0.0,0.0,0.0,0.0,0.0,0.0,0.0,0.0,0.0,0.0,0.0,0.0,0.0,0.0,0.0,0.0,0.0
A,Annual,ARE,United Arab Emirates,WB_ESG_EN_CLC_HEAT_XD,Heat Index 35,COUNT,Count,WB_ESG,"Environment, Social & Governance (ESG)",0,Units,A,Normal value,PU,Public,66.93,54.66,63.42,63.06,50.94,71.41,47.86,56.38,61.32,71.59,75.87,63.12,57.96,77.83,48.9,64.79,77.01,73.39,87.15,78.28,82.28,62.72,50.67,75.89,70.99,68.71,98.51,89.13,121.46,96.24,81.9,84.85,93.46,95.29,79.66,99.45,105.79,111.08,90.8,100.9,112.72,108.34,103.03,86.4,100.01,111.16,103.55,112.52,108.22,121.99,107.13
A,Annual,ARG,Argentina,WB_ESG_EN_CLC_HEAT_XD,Heat Index 35,COUNT,Count,WB_ESG,"Environment, Social & Governance (ESG)",0,Units,A,Normal value,PU,Public,0.79,1.41,0.55,2.72,0.99,1.24,0.91,0.72,0.37,0.87,0.43,0.33,0.33,0.77,0.96,0.33,1.37,0.68,0.95,0.55,1.85,0.11,0.13,0.41,1.11,1.16,0.4,1.89,1.83,0.34,0.57,2.11,1.78,1.48,0.48,1.0,1.59,1.17,0.71,2.65,2.93,0.61,2.52,1.97,2.3,1.46,2.8,1.97,1.41,2.83,1.85
A,Annual,ARM,Armenia,WB_ESG_EN_CLC_HEAT_XD,Heat Index 35,COUNT,Count,WB_ESG,"Environment, Social & Governance (ESG)",0,Units,A,Normal value,PU,Public,0.0,0.0,0.0,0.0,0.0,0.0,0.0,0.0,0.0,0.0,0.0,0.0,0.0,0.0,0.0,0.0,0.0,0.0,0.0,0.0,0.0,0.0,0.0,0.0,0.0,0.0,0.0,0.0,0.0,0.0,0.0,0.0,0.0,0.0,0.0,0.0,0.0,0.0,0.0,0.0,0.0,0.0,0.0,0.0,0.0,0.0,0.0,0.0,0.0,0.0,0.0
A,Annual,ATG,Antigua and Barbuda,WB_ESG_EN_CLC_HEAT_XD,Heat Index 35,COUNT,Count,WB_ESG,"Environment, Social & Governance (ESG)",0,Units,A,Normal value,PU,Public,0.0,0.0,0.0,0.0,0.0,0.0,0.0,0.0,0.0,0.0,0.0,0.0,0.0,0.0,0.0,0.0,0.0,0.0,0.0,0.0,0.0,0.0,0.0,0.0,0.0,0.0,0.0,0.0,0.0,0.0,0.0,0.0,0.0,0.0,0.0,0.0,0.0,0.0,0.0,0.0,0.0,0.0,0.0,0.0,0.0,0.0,0.0,0.0,0.0,0.0,0.0
A,Annual,AUS,Australia,WB_ESG_EN_CLC_HEAT_XD,Heat Index 35,COUNT,Count,WB_ESG,"Environment, Social & Governance (ESG)",0,Units,A,Normal value,PU,Public,3.97,4.39,3.03,5.23,0.49,1.05,1.78,2.59,2.59,4.5,5.36,5.69,4.41,6.32,2.7,5.57,4.95,5.73,6.78,3.33,8.9,5.47,4.8,3.23,6.11,4.19,4.59,3.09,9.26,3.74,2.13,4.65,4.48,4.15,6.18,5.43,5.74,4.76,5.32,4.1,4.54,4.7,2.91,7.47,6.27,5.78,7.13,6.68,8.18,12.32,8.22
A,Annual,AUT,Austria,WB_ESG_EN_CLC_HEAT_XD,Heat Index 35,COUNT,Count,WB_ESG,"Environment, Social & Governance (ESG)",0,Units,A,Normal value,PU,Public,0.0,0.0,0.0,0.0,0.0,0.0,0.0,0.0,0.0,0.0,0.0,0.0,0.0,0.0,0.0,0.0,0.0,0.0,0.0,0.0,0.0,0.0,0.0,0.0,0.0,0.0,0.0,0.0,0.0,0.0,0.0,0.0,0.0,0.0,0.0,0.0,0.0,0.0,0.0,0.0,0.0,0.0,0.0,0.0,0.0,0.0,0.0,0.0,0.0,0.0,0.0
A,Annual,AZE,Azerbaijan,WB_ESG_EN_CLC_HEAT_XD,Heat Index 35,COUNT,Count,WB_ESG,"Environment, Social & Governance (ESG)",0,Units,A,Normal value,PU,Public,0.0,0.0,0.0,0.06,0.0,0.0,0.03,0.0,0.0,0.0,0.01,0.0,0.0,0.05,0.0,0.0,0.0,0.17,0.06,0.59,0.0,0.22,0.0,0.0,0.0,0.02,0.42,0.13,0.79,3.47,1.21,0.07,0.07,0.04,0.0,0.13,2.57,0.62,0.18,0.0,5.33,4.57,0.51,0.0,1.86,2.01,2.24,1.4,3.14,0.05,0.18
A,Annual,BDI,Burundi,WB_ESG_EN_CLC_HEAT_XD,Heat Index 35,COUNT,Count,WB_ESG,"Environment, Social & Governance (ESG)",0,Units,A,Normal value,PU,Public,0.0,0.0,0.0,0.0,0.0,0.0,0.0,0.0,0.0,0.0,0.0,0.0,0.0,0.0,0.0,0.0,0.0,0.0,0.0,0.0,0.0,0.0,0.0,0.0,0.0,0.0,0.0,0.0,0.0,0.0,0.0,0.0,0.0,0.0,0.0,0.0,0.0,0.0,0.0,0.0,0.0,0.0,0.0,0.0,0.0,0.0,0.0,0.0,0.0,0.0,0.0
A,Annual,BEL,Belgium,WB_ESG_EN_CLC_HEAT_XD,Heat Index 35,COUNT,Count,WB_ESG,"Environment, Social & Governance (ESG)",0,Units,A,Normal value,PU,Public,0.0,0.0,0.0,0.0,0.0,0.0,0.0,0.0,0.0,0.0,0.0,0.0,0.0,0.0,0.0,0.0,0.0,0.0,0.0,0.0,0.0,0.0,0.0,0.0,0.0,0.0,0.0,0.0,0.0,0.0,0.0,0.0,0.0,0.0,0.0,0.0,0.0,0.0,0.0,0.0,0.0,0.0,0.0,0.0,0.0,0.0,0.0,0.0,0.0,0.0,0.0
A,Annual,BEN,Benin,WB_ESG_EN_CLC_HEAT_XD,Heat Index 35,COUNT,Count,WB_ESG,"Environment, Social & Governance (ESG)",0,Units,A,Normal value,PU,Public,7.15,4.39,3.67,8.96,2.2,2.3,2.31,2.54,2.53,4.94,7.94,4.58,6.35,13.77,4.87,6.98,9.19,9.6,13.46,4.69,8.38,5.34,4.38,8.28,8.05,9.9,7.94,3.25,29.51,7.42,12.05,9.33,13.35,9.73,13.81,18.29,10.98,15.38,5.13,14.92,34.54,14.35,12.32,20.58,13.4,13.5,37.12,16.36,17.78,29.42,27.83
A,Annual,BFA,Burkina Faso,WB_ESG_EN_CLC_HEAT_XD,Heat Index 35,COUNT,Count,WB_ESG,"Environment, Social & Governance (ESG)",0,Units,A,Normal value,PU,Public,17.46,10.23,9.21,20.27,6.97,8.46,5.53,7.49,12.17,12.07,26.31,17.37,17.24,31.53,14.27,16.17,18.44,25.7,25.76,9.87,22.49,18.81,10.9,24.02,18.3,19.43,15.36,7.32,36.5,11.15,23.91,22.68,27.26,24.96,26.27,29.29,19.9,31.15,14.51,32.2,51.75,32.06,22.74,35.97,32.71,33.84,46.67,33.89,36.16,45.36,45.49
A,Annual,BGD,Bangladesh,WB_ESG_EN_CLC_HEAT_XD,Heat Index 35,COUNT,Count,WB_ESG,"Environment, Social & Governance (ESG)",0,Units,A,Normal value,PU,Public,40.26,11.45,50.67,33.64,35.34,29.02,19.98,28.32,30.66,64.14,41.01,25.43,43.0,48.26,28.37,29.77,38.42,53.87,42.74,49.61,38.06,42.81,45.16,38.67,45.4,61.52,54.69,44.97,77.26,46.11,45.64,50.76,45.14,61.77,56.73,71.21,66.7,68.85,58.42,83.51,102.36,64.62,91.67,76.77,91.52,80.33,101.38,98.65,87.56,107.43,102.77
A,Annual,BGR,Bulgaria,WB_ESG_EN_CLC_HEAT_XD,Heat Index 35,COUNT,Count,WB_ESG,"Environment, Social & Governance (ESG)",0,Units,A,Normal value,PU,Public,0.0,0.0,0.0,0.0,0.0,0.0,0.0,0.0,0.0,0.0,0.0,0.0,0.0,0.0,0.0,0.0,0.0,0.01,0.01,0.0,0.0,0.0,0.0,0.0,0.0,0.0,0.0,0.0,0.0,0.0,0.0,0.0,0.0,0.0,0.0,0.0,0.0,0.0,0.0,0.0,0.0,0.0,0.02,0.0,0.0,0.0,0.0,0.0,0.0,0.0,0.0
A,Annual,BHR,Bahrain,WB_ESG_EN_CLC_HEAT_XD,Heat Index 35,COUNT,Count,WB_ESG,"Environment, Social & Governance (ESG)",0,Units,A,Normal value,PU,Public,100.04,107.4,113.86,103.05,105.06,113.9,98.04,116.69,95.77,133.41,117.76,104.35,122.62,92.93,85.9,111.87,132.88,125.2,119.1,101.52,112.3,88.28,99.45,114.28,118.39,113.65,129.56,137.73,129.7,137.25,119.86,114.97,139.01,129.65,116.91,125.08,140.31,142.21,118.18,126.03,140.82,128.55,134.34,104.06,143.96,145.84,123.82,141.41,142.37,156.29,136.16
A,Annual,BHS,"Bahamas, The",WB_ESG_EN_CLC_HEAT_XD,Heat Index 35,COUNT,Count,WB_ESG,"Environment, Social & Governance (ESG)",0,Units,A,Normal value,PU,Public,0.0,0.0,0.0,0.0,0.0,0.0,0.0,0.0,0.0,0.0,0.0,0.0,0.0,0.0,0.0,0.0,0.0,0.0,0.0,0.0,0.0,0.0,0.0,0.0,0.0,0.0,0.0,0.0,5.25,0.0,0.0,0.0,0.0,0.0,0.43,0.35,0.0,0.0,0.0,0.32,2.02,0.0,0.0,0.0,0.0,0.38,1.81,1.25,0.0,0.0,2.57
A,Annual,BIH,Bosnia and Herzegovina,WB_ESG_EN_CLC_HEAT_XD,Heat Index 35,COUNT,Count,WB_ESG,"Environment, Social & Governance (ESG)",0,Units,A,Normal value,PU,Public,0.0,0.0,0.0,0.0,0.0,0.0,0.0,0.0,0.0,0.0,0.0,0.0,0.0,0.0,0.0,0.0,0.0,0.0,0.0,0.0,0.0,0.0,0.0,0.0,0.0,0.0,0.0,0.0,0.0,0.0,0.0,0.0,0.0,0.0,0.0,0.0,0.0,0.0,0.0,0.0,0.0,0.0,0.0,0.0,0.0,0.0,0.0,0.0,0.0,0.0,0.0
A,Annual,BLR,Belarus,WB_ESG_EN_CLC_HEAT_XD,Heat Index 35,COUNT,Count,WB_ESG,"Environment, Social & Governance (ESG)",0,Units,A,Normal value,PU,Public,0.0,0.0,0.0,0.0,0.0,0.0,0.0,0.0,0.0,0.0,0.0,0.0,0.0,0.0,0.0,0.0,0.0,0.0,0.0,0.0,0.0,0.0,0.0,0.0,0.0,0.0,0.0,0.0,0.0,0.0,0.0,0.0,0.0,0.0,0.0,0.0,0.0,0.0,0.0,0.0,0.0,0.0,0.0,0.0,0.0,0.0,0.0,0.0,0.0,0.0,0.0
A,Annual,BLZ,Belize,WB_ESG_EN_CLC_HEAT_XD,Heat Index 35,COUNT,Count,WB_ESG,"Environment, Social & Governance (ESG)",0,Units,A,Normal value,PU,Public,0.0,0.45,0.0,1.52,0.38,0.01,0.0,0.0,0.64,0.63,1.22,3.09,1.14,3.26,0.16,0.0,0.01,1.78,2.56,0.14,2.05,0.01,1.85,1.12,0.36,3.01,0.55,1.25,12.22,0.52,0.14,0.3,1.11,6.28,2.94,12.96,3.14,2.12,5.03,9.0,19.26,6.14,2.72,3.87,3.41,9.53,18.98,17.47,2.13,24.2,22.56
A,Annual,BOL,Bolivia,WB_ESG_EN_CLC_HEAT_XD,Heat Index 35,COUNT,Count,WB_ESG,"Environment, Social & Governance (ESG)",0,Units,A,Normal value,PU,Public,0.21,0.01,0.26,0.54,0.02,0.01,0.0,0.01,0.15,0.2,0.13,0.04,0.05,0.46,0.07,0.17,0.14,0.56,0.3,0.06,0.43,0.16,0.08,0.41,0.41,0.23,0.12,1.91,1.21,0.29,0.21,0.31,1.46,0.7,1.03,1.17,0.92,0.57,1.22,2.5,3.54,0.61,1.66,1.27,1.25,5.31,4.25,1.49,1.19,2.61,4.38
A,Annual,BRA,Brazil,WB_ESG_EN_CLC_HEAT_XD,Heat Index 35,COUNT,Count,WB_ESG,"Environment, Social & Governance (ESG)",0,Units,A,Normal value,PU,Public,0.13,0.02,0.1,0.22,0.01,0.01,0.02,0.0,0.03,0.05,0.04,0.02,0.05,0.25,0.04,0.09,0.1,0.32,0.21,0.08,0.32,0.18,0.07,0.19,0.27,0.13,0.07,0.98,0.9,0.25,0.16,0.35,0.69,0.35,0.4,0.61,0.56,0.31,0.13,0.73,0.99,0.19,0.38,0.25,0.3,1.41,1.16,0.51,0.74,0.71,0.32
A,Annual,BRB,Barbados,WB_ESG_EN_CLC_HEAT_XD,Heat Index 35,COUNT,Count,WB_ESG,"Environment, Social & Governance (ESG)",0,Units,A,Normal value,PU,Public,0.0,0.0,0.0,0.0,0.0,0.0,0.0,0.0,0.0,0.0,0.0,0.0,0.0,0.0,0.0,0.0,0.0,0.0,0.0,0.0,0.0,0.0,0.0,0.0,0.0,0.0,0.0,0.0,0.0,0.0,0.0,0.0,0.0,0.0,0.0,0.0,0.0,0.0,0.0,0.0,0.0,0.0,0.0,0.0,0.0,0.0,0.0,0.0,0.0,0.0,0.0
A,Annual,BRN,Brunei Darussalam,WB_ESG_EN_CLC_HEAT_XD,Heat Index 35,COUNT,Count,WB_ESG,"Environment, Social & Governance (ESG)",0,Units,A,Normal value,PU,Public,0.0,0.0,0.0,0.0,0.0,0.0,0.0,0.0,0.0,0.15,0.0,0.0,0.0,0.0,0.0,0.0,0.0,0.0,0.0,0.0,0.0,0.0,0.0,0.0,0.0,0.0,0.15,0.29,4.33,0.0,0.15,0.0,0.44,0.0,0.0,0.0,0.0,0.0,0.0,0.29,0.13,0.0,0.0,0.27,2.18,0.89,3.77,0.53,2.98,2.77,3.35
A,Annual,BTN,Bhutan,WB_ESG_EN_CLC_HEAT_XD,Heat Index 35,COUNT,Count,WB_ESG,"Environment, Social & Governance (ESG)",0,Units,A,Normal value,PU,Public,0.08,0.0,0.16,0.18,0.14,0.07,0.0,0.02,0.16,0.31,0.02,0.02,0.01,0.02,0.24,0.0,0.25,0.04,0.01,0.01,0.1,0.19,0.09,0.0,0.45,0.19,0.12,0.06,0.03,0.11,0.04,0.22,0.02,0.31,0.0,0.25,0.58,0.39,0.08,0.51,0.07,0.2,0.65,0.42,0.28,0.25,1.0,1.17,1.31,2.37,1.16
A,Annual,BWA,Botswana,WB_ESG_EN_CLC_HEAT_XD,Heat Index 35,COUNT,Count,WB_ESG,"Environment, Social & Governance (ESG)",0,Units,A,Normal value,PU,Public,0.0,0.0,0.0,0.0,0.0,0.0,0.0,0.0,0.0,0.0,0.0,0.0,0.0,0.0,0.0,0.0,0.0,0.0,0.0,0.0,0.0,0.0,0.0,0.0,0.0,0.0,0.0,0.0,0.0,0.0,0.0,0.0,0.0,0.0,0.0,0.0,0.0,0.0,0.0,0.0,0.0,0.0,0.0,0.0,0.0,0.0,0.0,0.0,0.0,0.0,0.0
A,Annual,CAF,Central African Republic,WB_ESG_EN_CLC_HEAT_XD,Heat Index 35,COUNT,Count,WB_ESG,"Environment, Social & Governance (ESG)",0,Units,A,Normal value,PU,Public,0.17,0.0,0.01,0.18,0.02,0.0,0.01,0.06,0.07,0.18,0.06,0.01,0.01,0.08,0.05,0.01,0.05,0.05,0.2,0.04,0.44,0.13,0.21,0.18,0.13,0.25,0.01,0.0,3.26,0.0,0.05,0.57,0.34,0.23,0.58,0.55,0.19,0.39,0.0,0.18,1.78,0.38,0.01,0.05,0.0,0.08,1.64,0.31,0.19,1.92,0.76
A,Annual,CAN,Canada,WB_ESG_EN_CLC_HEAT_XD,Heat Index 35,COUNT,Count,WB_ESG,"Environment, Social & Governance (ESG)",0,Units,A,Normal value,PU,Public,0.0,0.0,0.0,0.0,0.0,0.0,0.0,0.0,0.0,0.0,0.0,0.0,0.0,0.0,0.0,0.0,0.0,0.0,0.0,0.0,0.0,0.0,0.0,0.0,0.0,0.0,0.0,0.0,0.0,0.0,0.0,0.0,0.0,0.0,0.0,0.0,0.0,0.0,0.0,0.0,0.0,0.0,0.0,0.0,0.0,0.0,0.0,0.0,0.0,0.0,0.0
A,Annual,CHE,Switzerland,WB_ESG_EN_CLC_HEAT_XD,Heat Index 35,COUNT,Count,WB_ESG,"Environment, Social & Governance (ESG)",0,Units,A,Normal value,PU,Public,0.0,0.0,0.0,0.0,0.0,0.0,0.0,0.0,0.0,0.0,0.0,0.0,0.0,0.0,0.0,0.0,0.0,0.0,0.0,0.0,0.0,0.0,0.0,0.0,0.0,0.0,0.0,0.0,0.0,0.0,0.0,0.0,0.0,0.0,0.0,0.0,0.0,0.0,0.0,0.0,0.0,0.0,0.0,0.0,0.0,0.0,0.0,0.0,0.0,0.0,0.0
A,Annual,CHL,Chile,WB_ESG_EN_CLC_HEAT_XD,Heat Index 35,COUNT,Count,WB_ESG,"Environment, Social & Governance (ESG)",0,Units,A,Normal value,PU,Public,0.0,0.0,0.0,0.0,0.0,0.0,0.0,0.0,0.0,0.0,0.0,0.0,0.0,0.0,0.0,0.0,0.0,0.0,0.0,0.0,0.0,0.0,0.0,0.0,0.0,0.0,0.0,0.0,0.0,0.0,0.0,0.0,0.0,0.0,0.0,0.0,0.0,0.0,0.0,0.0,0.0,0.0,0.0,0.0,0.0,0.0,0.0,0.0,0.0,0.0,0.0
A,Annual,CHN,China,WB_ESG_EN_CLC_HEAT_XD,Heat Index 35,COUNT,Count,WB_ESG,"Environment, Social & Governance (ESG)",0,Units,A,Normal value,PU,Public,1.94,2.98,1.9,1.82,1.04,1.91,1.92,2.7,3.13,2.63,1.91,3.48,1.62,2.41,2.1,1.8,1.75,2.05,3.24,2.05,2.93,2.44,2.15,1.82,3.49,3.18,2.23,1.8,4.17,2.07,2.52,2.7,2.49,3.98,2.36,2.58,3.34,2.71,1.81,2.74,3.84,2.25,2.6,4.33,2.51,2.39,4.64,4.55,4.61,4.06,3.96
A,Annual,CIV,Cote d'Ivoire,WB_ESG_EN_CLC_HEAT_XD,Heat Index 35,COUNT,Count,WB_ESG,"Environment, Social & Governance (ESG)",0,Units,A,Normal value,PU,Public,0.02,0.0,0.0,0.0,0.0,0.0,0.0,0.01,0.0,0.0,0.01,0.03,0.0,1.34,0.0,0.0,0.14,0.28,0.5,0.0,0.22,0.05,0.03,0.01,0.03,0.01,0.03,0.01,6.68,0.08,0.04,0.06,0.24,0.09,0.21,1.79,0.07,0.34,0.08,0.21,4.61,0.5,0.28,0.68,0.38,0.24,6.3,0.92,0.1,0.85,4.18
A,Annual,CMR,Cameroon,WB_ESG_EN_CLC_HEAT_XD,Heat Index 35,COUNT,Count,WB_ESG,"Environment, Social & Governance (ESG)",0,Units,A,Normal value,PU,Public,0.73,0.19,0.53,1.55,0.35,0.58,0.6,0.52,0.88,1.1,1.97,0.8,1.07,2.19,0.74,0.75,0.86,1.03,2.19,0.68,1.73,1.48,0.83,1.28,1.22,2.2,1.45,0.86,4.74,0.5,0.69,1.71,1.96,1.47,2.0,2.57,1.57,1.97,0.76,2.05,4.84,2.93,2.1,2.34,2.37,2.46,4.58,3.19,3.46,4.12,4.9
A,Annual,COD,"Congo, Dem. Rep.",WB_ESG_EN_CLC_HEAT_XD,Heat Index 35,COUNT,Count,WB_ESG,"Environment, Social & Governance (ESG)",0,Units,A,Normal value,PU,Public,0.0,0.0,0.0,0.0,0.0,0.0,0.0,0.0,0.0,0.0,0.0,0.0,0.0,0.07,0.0,0.0,0.0,0.01,0.02,0.0,0.0,0.0,0.0,0.0,0.0,0.0,0.0,0.0,0.28,0.0,0.0,0.0,0.0,0.0,0.01,0.08,0.0,0.0,0.0,0.0,0.04,0.01,0.0,0.02,0.0,0.0,0.11,0.01,0.0,0.05,0.05
A,Annual,COG,"Congo, Rep.",WB_ESG_EN_CLC_HEAT_XD,Heat Index 35,COUNT,Count,WB_ESG,"Environment, Social & Governance (ESG)",0,Units,A,Normal value,PU,Public,0.0,0.0,0.0,0.0,0.0,0.0,0.0,0.0,0.0,0.0,0.0,0.0,0.01,0.1,0.0,0.0,0.0,0.02,0.04,0.0,0.0,0.0,0.0,0.0,0.0,0.0,0.0,0.0,0.55,0.0,0.0,0.0,0.01,0.0,0.01,0.04,0.0,0.01,0.0,0.0,0.06,0.0,0.0,0.09,0.0,0.0,0.62,0.03,0.0,0.13,0.12
A,Annual,COL,Colombia,WB_ESG_EN_CLC_HEAT_XD,Heat Index 35,COUNT,Count,WB_ESG,"Environment, Social & Governance (ESG)",0,Units,A,Normal value,PU,Public,0.41,0.02,1.17,0.75,0.08,0.05,0.24,0.37,0.13,0.62,1.19,0.32,0.28,1.23,0.02,0.04,0.16,1.28,0.27,0.15,0.36,0.78,0.67,0.56,0.19,0.64,0.07,2.0,3.07,0.17,0.13,0.45,2.1,1.34,1.52,2.4,1.4,1.33,0.51,3.2,5.87,1.44,2.81,4.16,6.48,10.58,9.9,4.59,3.47,7.75,5.25
A,Annual,COM,Comoros,WB_ESG_EN_CLC_HEAT_XD,Heat Index 35,COUNT,Count,WB_ESG,"Environment, Social & Governance (ESG)",0,Units,A,Normal value,PU,Public,0.0,0.0,0.0,0.0,0.0,0.0,0.0,0.0,0.0,0.0,0.0,0.0,0.0,0.0,0.0,0.0,0.0,0.0,0.0,0.0,0.0,0.0,0.0,0.0,0.0,0.0,0.0,0.0,0.0,0.0,0.0,0.0,0.0,0.0,0.0,0.0,0.0,0.0,0.0,0.0,0.0,0.0,0.0,0.0,0.0,0.0,0.0,0.0,0.0,0.0,0.0
A,Annual,CPV,Cabo Verde,WB_ESG_EN_CLC_HEAT_XD,Heat Index 35,COUNT,Count,WB_ESG,"Environment, Social & Governance (ESG)",0,Units,A,Normal value,PU,Public,0.0,0.0,0.0,0.0,0.0,0.0,0.0,0.0,0.0,0.0,0.0,0.0,0.0,0.0,0.0,0.0,0.0,0.0,0.0,0.0,0.0,0.0,0.0,0.0,0.0,0.0,0.0,0.0,0.0,0.0,0.0,0.0,0.0,0.0,0.0,0.0,0.0,0.0,0.0,0.0,0.0,0.0,0.0,0.0,0.0,0.0,0.0,0.0,0.0,0.0,0.0
A,Annual,CRI,Costa Rica,WB_ESG_EN_CLC_HEAT_XD,Heat Index 35,COUNT,Count,WB_ESG,"Environment, Social & Governance (ESG)",0,Units,A,Normal value,PU,Public,0.0,0.0,0.0,0.0,0.0,0.0,0.0,0.0,0.0,0.0,0.3,0.0,0.0,0.09,0.0,0.0,0.0,0.0,0.0,0.0,0.0,0.0,0.0,0.0,0.0,0.0,0.0,0.0,0.29,0.0,0.0,0.0,0.0,0.0,0.0,0.0,0.0,0.0,0.0,0.0,0.12,0.0,0.0,0.0,0.0,0.06,0.08,0.0,0.0,0.09,0.0
A,Annual,CUB,Cuba,WB_ESG_EN_CLC_HEAT_XD,Heat Index 35,COUNT,Count,WB_ESG,"Environment, Social & Governance (ESG)",0,Units,A,Normal value,PU,Public,0.0,0.0,0.0,0.0,0.0,0.0,0.0,0.0,0.0,0.0,0.16,0.0,0.0,0.02,0.0,0.0,0.0,0.66,0.09,0.03,0.09,0.08,0.02,0.11,0.07,0.03,0.0,0.32,5.86,0.02,0.0,0.25,0.02,0.04,0.09,1.07,0.03,0.41,0.17,1.11,0.54,0.01,0.07,0.15,0.21,0.22,0.67,1.37,0.05,2.48,4.18
A,Annual,CYP,Cyprus,WB_ESG_EN_CLC_HEAT_XD,Heat Index 35,COUNT,Count,WB_ESG,"Environment, Social & Governance (ESG)",0,Units,A,Normal value,PU,Public,0.0,0.0,0.0,0.0,0.0,0.0,0.0,0.0,0.0,0.0,0.0,0.0,0.0,0.0,0.0,0.0,0.0,0.0,0.0,0.0,0.0,0.0,0.0,0.0,0.0,0.0,0.0,0.0,8.3,4.29,0.65,3.89,0.0,0.42,0.0,0.0,0.05,4.51,1.05,0.0,8.45,0.21,2.99,0.0,0.43,1.15,0.21,0.63,0.43,0.43,0.36
A,Annual,CZE,Czechia,WB_ESG_EN_CLC_HEAT_XD,Heat Index 35,COUNT,Count,WB_ESG,"Environment, Social & Governance (ESG)",0,Units,A,Normal value,PU,Public,0.0,0.0,0.0,0.0,0.0,0.0,0.0,0.0,0.0,0.0,0.0,0.0,0.0,0.0,0.0,0.0,0.0,0.0,0.0,0.0,0.0,0.0,0.0,0.0,0.0,0.0,0.0,0.0,0.0,0.0,0.0,0.0,0.0,0.0,0.0,0.0,0.0,0.0,0.0,0.0,0.0,0.0,0.0,0.0,0.0,0.0,0.0,0.0,0.0,0.0,0.0
A,Annual,DEU,Germany,WB_ESG_EN_CLC_HEAT_XD,Heat Index 35,COUNT,Count,WB_ESG,"Environment, Social & Governance (ESG)",0,Units,A,Normal value,PU,Public,0.0,0.0,0.0,0.0,0.0,0.0,0.0,0.0,0.0,0.0,0.0,0.0,0.0,0.0,0.0,0.0,0.0,0.0,0.0,0.0,0.0,0.0,0.0,0.0,0.0,0.0,0.0,0.0,0.0,0.0,0.0,0.0,0.0,0.0,0.0,0.0,0.0,0.0,0.0,0.0,0.0,0.0,0.0,0.0,0.0,0.0,0.0,0.0,0.0,0.0,0.0
A,Annual,DJI,Djibouti,WB_ESG_EN_CLC_HEAT_XD,Heat Index 35,COUNT,Count,WB_ESG,"Environment, Social & Governance (ESG)",0,Units,A,Normal value,PU,Public,20.22,16.99,20.35,23.89,22.84,18.88,17.01,24.6,27.44,39.81,35.32,39.14,27.61,54.69,23.18,26.12,27.56,44.21,38.55,25.84,30.37,33.61,24.13,30.68,22.86,33.4,35.66,42.43,47.08,36.89,28.05,32.46,36.58,32.08,34.51,46.51,33.54,35.1,28.37,37.17,44.28,24.33,26.4,30.94,33.22,52.66,60.05,74.53,39.19,53.11,41.54
A,Annual,DMA,Dominica,WB_ESG_EN_CLC_HEAT_XD,Heat Index 35,COUNT,Count,WB_ESG,"Environment, Social & Governance (ESG)",0,Units,A,Normal value,PU,Public,0.0,0.0,0.0,0.0,0.0,0.0,0.0,0.0,0.0,0.0,0.0,0.0,0.0,0.0,0.0,0.0,0.0,0.0,0.0,0.0,0.0,0.0,0.0,0.0,0.0,0.0,0.0,0.0,0.0,0.0,0.0,0.0,0.0,0.0,0.0,0.0,0.0,0.0,0.0,0.0,0.0,0.0,0.0,0.0,0.0,0.0,0.0,0.0,0.0,0.0,0.0
A,Annual,DNK,Denmark,WB_ESG_EN_CLC_HEAT_XD,Heat Index 35,COUNT,Count,WB_ESG,"Environment, Social & Governance (ESG)",0,Units,A,Normal value,PU,Public,0.0,0.0,0.0,0.0,0.0,0.0,0.0,0.0,0.0,0.0,0.0,0.0,0.0,0.0,0.0,0.0,0.0,0.0,0.0,0.0,0.0,0.0,0.0,0.0,0.0,0.0,0.0,0.0,0.0,0.0,0.0,0.0,0.0,0.0,0.0,0.0,0.0,0.0,0.0,0.0,0.0,0.0,0.0,0.0,0.0,0.0,0.0,0.0,0.0,0.0,0.0
A,Annual,DOM,Dominican Republic,WB_ESG_EN_CLC_HEAT_XD,Heat Index 35,COUNT,Count,WB_ESG,"Environment, Social & Governance (ESG)",0,Units,A,Normal value,PU,Public,0.0,0.0,0.0,0.0,0.0,0.0,0.0,0.0,0.0,0.0,0.0,0.0,0.0,0.04,0.0,0.0,0.0,0.0,0.0,0.0,0.0,0.0,0.0,0.0,0.0,0.0,0.0,0.0,0.0,0.0,0.0,0.0,0.0,0.0,0.0,0.27,0.0,0.04,0.04,0.04,0.13,0.04,0.04,0.0,0.09,0.26,0.26,0.3,0.0,0.72,0.62
A,Annual,DZA,Algeria,WB_ESG_EN_CLC_HEAT_XD,Heat Index 35,COUNT,Count,WB_ESG,"Environment, Social & Governance (ESG)",0,Units,A,Normal value,PU,Public,2.68,1.71,6.5,6.26,1.27,0.5,3.16,6.98,2.45,2.97,4.58,5.98,2.52,8.36,1.03,4.14,3.4,9.66,11.15,5.57,5.32,6.6,1.24,6.89,4.18,9.66,7.55,10.07,10.78,15.23,4.11,10.16,16.87,11.05,7.39,13.81,12.87,10.59,11.42,11.72,19.04,12.13,13.23,12.19,18.8,13.88,15.77,17.03,19.67,19.33,16.6
A,Annual,ECU,Ecuador,WB_ESG_EN_CLC_HEAT_XD,Heat Index 35,COUNT,Count,WB_ESG,"Environment, Social & Governance (ESG)",0,Units,A,Normal value,PU,Public,0.0,0.0,0.0,0.0,0.0,0.0,0.0,0.0,0.0,0.0,0.0,0.0,0.0,0.0,0.0,0.0,0.0,0.0,0.0,0.0,0.0,0.0,0.0,0.0,0.0,0.0,0.0,0.0,0.0,0.0,0.0,0.0,0.0,0.0,0.0,0.0,0.0,0.0,0.0,0.0,0.0,0.0,0.0,0.0,0.0,0.0,0.17,0.0,0.0,0.0,0.04
A,Annual,EGY,"Egypt, Arab Rep.",WB_ESG_EN_CLC_HEAT_XD,Heat Index 35,COUNT,Count,WB_ESG,"Environment, Social & Governance (ESG)",0,Units,A,Normal value,PU,Public,0.07,0.05,0.14,0.28,0.11,0.03,0.02,0.37,0.86,0.54,0.3,0.11,0.04,0.17,0.01,0.05,0.07,0.89,2.06,0.2,0.03,0.61,0.78,0.06,0.47,1.86,0.71,0.41,2.15,0.74,1.13,0.86,2.52,0.74,0.34,1.14,0.9,0.72,0.54,0.33,5.14,1.04,1.8,1.06,1.43,6.28,1.19,2.31,3.45,3.85,2.81
A,Annual,ERI,Eritrea,WB_ESG_EN_CLC_HEAT_XD,Heat Index 35,COUNT,Count,WB_ESG,"Environment, Social & Governance (ESG)",0,Units,A,Normal value,PU,Public,20.17,19.09,24.97,24.72,24.4,21.08,20.07,23.94,22.92,32.08,31.78,30.0,25.21,31.6,20.36,28.36,26.47,31.5,32.36,26.88,21.82,27.17,24.59,29.69,26.14,35.11,34.07,34.13,36.44,31.22,29.62,33.94,28.35,33.31,30.23,33.82,29.23,29.57,25.53,28.98,35.86,25.16,29.94,31.74,30.69,34.21,39.04,40.53,33.8,36.98,28.81
A,Annual,ESP,Spain,WB_ESG_EN_CLC_HEAT_XD,Heat Index 35,COUNT,Count,WB_ESG,"Environment, Social & Governance (ESG)",0,Units,A,Normal value,PU,Public,0.0,0.0,0.0,0.0,0.0,0.0,0.0,0.0,0.0,0.0,0.0,0.0,0.0,0.0,0.0,0.0,0.0,0.0,0.0,0.0,0.0,0.0,0.0,0.0,0.0,0.0,0.0,0.0,0.0,0.0,0.0,0.0,0.0,0.0,0.0,0.0,0.0,0.0,0.0,0.0,0.0,0.0,0.0,0.0,0.0,0.0,0.0,0.0,0.01,0.0,0.0
A,Annual,EST,Estonia,WB_ESG_EN_CLC_HEAT_XD,Heat Index 35,COUNT,Count,WB_ESG,"Environment, Social & Governance (ESG)",0,Units,A,Normal value,PU,Public,0.0,0.0,0.0,0.0,0.0,0.0,0.0,0.0,0.0,0.0,0.0,0.0,0.0,0.0,0.0,0.0,0.0,0.0,0.0,0.0,0.0,0.0,0.0,0.0,0.0,0.0,0.0,0.0,0.0,0.0,0.0,0.0,0.0,0.0,0.0,0.0,0.0,0.0,0.0,0.0,0.0,0.0,0.0,0.0,0.0,0.0,0.0,0.0,0.0,0.0,0.0
A,Annual,ETH,Ethiopia,WB_ESG_EN_CLC_HEAT_XD,Heat Index 35,COUNT,Count,WB_ESG,"Environment, Social & Governance (ESG)",0,Units,A,Normal value,PU,Public,1.84,1.51,2.31,2.28,2.15,1.8,1.63,2.24,2.22,3.2,3.18,3.04,2.7,3.71,1.95,2.41,2.49,3.3,3.18,2.48,2.21,2.96,2.31,3.03,2.49,3.52,3.21,3.33,4.28,2.82,2.68,3.19,2.88,3.08,3.13,3.56,2.73,2.9,2.36,2.95,3.82,2.45,2.97,3.14,3.13,3.9,5.05,5.01,3.66,4.39,3.36
A,Annual,FIN,Finland,WB_ESG_EN_CLC_HEAT_XD,Heat Index 35,COUNT,Count,WB_ESG,"Environment, Social & Governance (ESG)",0,Units,A,Normal value,PU,Public,0.0,0.0,0.0,0.0,0.0,0.0,0.0,0.0,0.0,0.0,0.0,0.0,0.0,0.0,0.0,0.0,0.0,0.0,0.0,0.0,0.0,0.0,0.0,0.0,0.0,0.0,0.0,0.0,0.0,0.0,0.0,0.0,0.0,0.0,0.0,0.0,0.0,0.0,0.0,0.0,0.0,0.0,0.0,0.0,0.0,0.0,0.0,0.0,0.0,0.0,0.0
A,Annual,FJI,Fiji,WB_ESG_EN_CLC_HEAT_XD,Heat Index 35,COUNT,Count,WB_ESG,"Environment, Social & Governance (ESG)",0,Units,A,Normal value,PU,Public,0.0,0.0,0.0,0.0,0.0,0.0,0.0,0.0,0.0,0.0,0.0,0.0,0.0,0.0,0.0,0.0,0.0,0.0,0.0,0.0,0.0,0.0,0.0,0.0,0.0,0.0,0.0,0.0,0.0,0.0,0.0,0.0,0.0,0.0,0.0,0.0,0.0,0.0,0.0,0.0,0.0,0.0,0.0,0.0,0.0,0.0,0.22,0.0,0.0,0.0,0.0
A,Annual,FRA,France,WB_ESG_EN_CLC_HEAT_XD,Heat Index 35,COUNT,Count,WB_ESG,"Environment, Social & Governance (ESG)",0,Units,A,Normal value,PU,Public,0.0,0.0,0.0,0.0,0.0,0.0,0.0,0.0,0.0,0.0,0.0,0.0,0.0,0.0,0.0,0.0,0.0,0.0,0.0,0.0,0.0,0.0,0.0,0.0,0.0,0.0,0.0,0.0,0.0,0.0,0.0,0.0,0.0,0.0,0.0,0.0,0.0,0.0,0.0,0.0,0.0,0.0,0.0,0.0,0.0,0.0,0.0,0.0,0.0,0.0,0.0
A,Annual,FSM,"Micronesia, Fed. Sts.",WB_ESG_EN_CLC_HEAT_XD,Heat Index 35,COUNT,Count,WB_ESG,"Environment, Social & Governance (ESG)",0,Units,A,Normal value,PU,Public,0.0,0.0,0.0,0.0,0.0,0.0,0.0,0.0,0.0,0.0,0.0,0.0,0.0,0.0,0.0,0.0,0.0,0.0,0.0,0.0,0.0,0.0,0.0,0.0,0.0,0.0,0.0,0.0,0.0,0.0,0.0,0.0,0.0,0.0,0.0,0.0,0.0,0.0,0.0,0.0,0.0,0.0,0.0,0.0,0.0,0.0,0.0,0.0,0.0,0.0,0.0
A,Annual,GAB,Gabon,WB_ESG_EN_CLC_HEAT_XD,Heat Index 35,COUNT,Count,WB_ESG,"Environment, Social & Governance (ESG)",0,Units,A,Normal value,PU,Public,0.0,0.0,0.0,0.0,0.0,0.0,0.0,0.0,0.0,0.0,0.0,0.0,0.0,0.0,0.0,0.0,0.0,0.0,0.0,0.0,0.0,0.0,0.0,0.0,0.0,0.0,0.0,0.0,0.14,0.0,0.0,0.0,0.0,0.0,0.0,0.04,0.0,0.0,0.0,0.0,0.02,0.0,0.0,0.0,0.0,0.0,0.09,0.01,0.0,0.07,0.06
A,Annual,GBR,United Kingdom,WB_ESG_EN_CLC_HEAT_XD,Heat Index 35,COUNT,Count,WB_ESG,"Environment, Social & Governance (ESG)",0,Units,A,Normal value,PU,Public,0.0,0.0,0.0,0.0,0.0,0.0,0.0,0.0,0.0,0.0,0.0,0.0,0.0,0.0,0.0,0.0,0.0,0.0,0.0,0.0,0.0,0.0,0.0,0.0,0.0,0.0,0.0,0.0,0.0,0.0,0.0,0.0,0.0,0.0,0.0,0.0,0.0,0.0,0.0,0.0,0.0,0.0,0.0,0.0,0.0,0.0,0.0,0.0,0.0,0.0,0.0
A,Annual,GEO,Georgia,WB_ESG_EN_CLC_HEAT_XD,Heat Index 35,COUNT,Count,WB_ESG,"Environment, Social & Governance (ESG)",0,Units,A,Normal value,PU,Public,0.0,0.0,0.0,0.0,0.0,0.0,0.0,0.0,0.0,0.0,0.0,0.03,0.0,0.0,0.0,0.0,0.0,0.0,0.0,0.0,0.0,0.0,0.0,0.0,0.0,0.0,0.0,0.0,0.0,0.0,0.03,0.06,0.0,0.0,0.0,0.0,0.0,0.02,0.01,0.0,0.1,0.01,0.02,0.0,0.0,0.03,0.0,0.0,0.0,0.0,0.0
A,Annual,GHA,Ghana,WB_ESG_EN_CLC_HEAT_XD,Heat Index 35,COUNT,Count,WB_ESG,"Environment, Social & Governance (ESG)",0,Units,A,Normal value,PU,Public,6.76,2.0,1.51,8.14,1.94,1.49,1.97,5.01,2.77,4.2,7.58,7.98,5.1,17.62,6.39,5.31,7.78,16.61,15.66,3.87,6.84,5.13,4.95,7.63,8.5,10.39,7.5,2.16,34.38,7.23,10.75,10.61,15.6,10.17,12.11,22.72,11.68,15.88,7.62,20.26,35.78,16.09,10.98,19.38,16.45,19.77,36.98,27.59,23.13,34.5,37.26
A,Annual,GIN,Guinea,WB_ESG_EN_CLC_HEAT_XD,Heat Index 35,COUNT,Count,WB_ESG,"Environment, Social & Governance (ESG)",0,Units,A,Normal value,PU,Public,0.29,0.03,0.07,0.4,0.03,0.09,0.01,0.07,0.41,0.35,0.32,0.86,0.09,0.65,0.28,0.1,0.26,0.82,0.52,0.36,0.23,0.43,0.14,1.04,0.23,0.74,0.48,0.19,1.81,0.34,0.37,0.45,0.93,1.14,1.45,1.68,1.24,1.4,0.71,1.26,4.89,1.8,1.35,0.92,0.9,1.99,3.18,3.13,1.04,2.3,4.48
A,Annual,GMB,"Gambia, The",WB_ESG_EN_CLC_HEAT_XD,Heat Index 35,COUNT,Count,WB_ESG,"Environment, Social & Governance (ESG)",0,Units,A,Normal value,PU,Public,1.91,0.17,0.67,7.62,0.5,1.06,0.33,2.1,2.84,6.92,4.69,8.46,4.22,6.65,6.51,3.79,4.7,15.94,6.95,5.39,3.22,6.33,1.76,10.68,5.87,14.65,8.57,20.43,20.68,12.07,5.01,10.24,18.1,15.21,13.69,44.44,32.28,13.63,13.4,22.97,29.76,28.86,24.03,22.88,28.69,21.16,26.2,46.08,17.63,22.04,36.05
A,Annual,GNB,Guinea-Bissau,WB_ESG_EN_CLC_HEAT_XD,Heat Index 35,COUNT,Count,WB_ESG,"Environment, Social & Governance (ESG)",0,Units,A,Normal value,PU,Public,1.46,0.1,0.14,2.8,0.0,0.52,0.02,0.62,3.23,2.48,1.08,6.84,1.33,3.64,3.16,0.6,1.57,9.99,4.29,4.95,0.75,5.07,0.41,6.29,1.12,9.84,5.42,7.71,12.75,6.67,2.09,2.94,4.21,8.25,2.63,26.56,10.06,8.9,7.48,8.15,29.36,10.9,10.49,11.52,9.22,12.54,9.41,26.13,5.97,13.66,23.34
A,Annual,GNQ,Equatorial Guinea,WB_ESG_EN_CLC_HEAT_XD,Heat Index 35,COUNT,Count,WB_ESG,"Environment, Social & Governance (ESG)",0,Units,A,Normal value,PU,Public,0.0,0.0,0.0,0.0,0.0,0.0,0.0,0.0,0.0,0.0,0.0,0.0,0.0,0.0,0.0,0.0,0.0,0.0,0.0,0.0,0.0,0.0,0.0,0.0,0.0,0.0,0.0,0.0,0.06,0.0,0.0,0.0,0.0,0.0,0.0,0.02,0.0,0.0,0.0,0.0,0.0,0.0,0.0,0.0,0.0,0.0,0.0,0.0,0.0,0.02,0.06
A,Annual,GRC,Greece,WB_ESG_EN_CLC_HEAT_XD,Heat Index 35,COUNT,Count,WB_ESG,"Environment, Social & Governance (ESG)",0,Units,A,Normal value,PU,Public,0.0,0.0,0.0,0.0,0.0,0.0,0.0,0.0,0.0,0.0,0.0,0.0,0.0,0.0,0.0,0.0,0.0,0.04,0.11,0.0,0.0,0.0,0.0,0.0,0.0,0.0,0.0,0.0,0.0,0.03,0.0,0.0,0.0,0.0,0.0,0.0,0.0,0.0,0.0,0.0,0.0,0.0,0.0,0.0,0.0,0.0,0.0,0.0,0.0,0.0,0.0
A,Annual,GRD,Grenada,WB_ESG_EN_CLC_HEAT_XD,Heat Index 35,COUNT,Count,WB_ESG,"Environment, Social & Governance (ESG)",0,Units,A,Normal value,PU,Public,0.0,0.0,0.0,0.0,0.0,0.0,0.0,0.0,0.0,0.0,0.0,0.0,0.0,0.0,0.0,0.0,0.0,0.0,0.0,0.0,0.0,0.0,0.0,0.0,0.0,0.0,0.0,0.0,0.0,0.0,0.0,0.0,0.0,0.0,0.0,0.0,0.0,0.0,0.0,0.0,0.0,0.0,0.0,0.0,0.0,0.0,0.0,0.0,0.0,0.0,0.0
A,Annual,GTM,Guatemala,WB_ESG_EN_CLC_HEAT_XD,Heat Index 35,COUNT,Count,WB_ESG,"Environment, Social & Governance (ESG)",0,Units,A,Normal value,PU,Public,0.05,0.11,0.12,1.09,0.14,0.23,0.14,0.07,0.78,0.67,1.16,0.62,0.14,1.27,0.59,0.02,0.18,1.55,0.88,0.5,0.64,0.68,0.42,0.92,0.2,1.93,0.3,1.43,3.56,0.5,0.28,0.46,0.54,3.88,0.58,5.48,1.27,1.36,1.75,2.63,9.72,4.97,1.47,3.62,2.63,5.4,11.17,6.44,2.25,11.15,10.24
A,Annual,GUY,Guyana,WB_ESG_EN_CLC_HEAT_XD,Heat Index 35,COUNT,Count,WB_ESG,"Environment, Social & Governance (ESG)",0,Units,A,Normal value,PU,Public,0.0,0.0,0.0,0.0,0.0,0.0,0.0,0.0,0.0,0.0,0.0,0.0,0.0,0.0,0.0,0.0,0.0,0.0,0.0,0.0,0.0,0.0,0.0,0.0,0.0,0.0,0.0,0.0,0.02,0.0,0.0,0.0,0.0,0.0,0.0,0.0,0.0,0.0,0.0,0.0,0.0,0.0,0.0,0.0,0.0,0.0,0.05,0.01,0.01,0.01,0.0
A,Annual,HND,Honduras,WB_ESG_EN_CLC_HEAT_XD,Heat Index 35,COUNT,Count,WB_ESG,"Environment, Social & Governance (ESG)",0,Units,A,Normal value,PU,Public,0.04,0.02,0.04,0.08,0.0,0.02,0.0,0.02,0.16,0.26,0.35,0.29,0.17,0.66,0.0,0.02,0.09,0.5,0.24,0.11,0.24,0.34,0.11,0.16,0.02,0.16,0.09,0.11,0.48,0.0,0.0,0.0,0.0,0.28,0.41,0.82,0.33,0.08,0.12,0.21,1.68,0.39,0.12,0.31,0.44,0.94,1.95,1.63,0.19,1.8,2.25
A,Annual,HRV,Croatia,WB_ESG_EN_CLC_HEAT_XD,Heat Index 35,COUNT,Count,WB_ESG,"Environment, Social & Governance (ESG)",0,Units,A,Normal value,PU,Public,0.0,0.0,0.0,0.0,0.0,0.0,0.0,0.0,0.0,0.0,0.0,0.0,0.0,0.0,0.0,0.0,0.0,0.0,0.0,0.0,0.0,0.0,0.0,0.0,0.0,0.0,0.0,0.0,0.0,0.0,0.0,0.0,0.0,0.0,0.0,0.0,0.0,0.0,0.0,0.0,0.0,0.0,0.0,0.0,0.0,0.0,0.0,0.0,0.0,0.0,0.0
A,Annual,HTI,Haiti,WB_ESG_EN_CLC_HEAT_XD,Heat Index 35,COUNT,Count,WB_ESG,"Environment, Social & Governance (ESG)",0,Units,A,Normal value,PU,Public,0.0,0.0,0.0,0.0,0.0,0.0,0.0,0.0,0.0,0.0,0.0,0.0,0.0,0.0,0.0,0.0,0.0,0.0,0.0,0.0,0.0,0.0,0.0,0.0,0.0,0.01,0.0,0.01,0.0,0.0,0.0,0.02,0.0,0.0,0.0,0.15,0.0,0.0,0.02,0.0,0.02,0.02,0.0,0.01,0.02,0.07,0.06,0.06,0.0,0.38,0.32
A,Annual,HUN,Hungary,WB_ESG_EN_CLC_HEAT_XD,Heat Index 35,COUNT,Count,WB_ESG,"Environment, Social & Governance (ESG)",0,Units,A,Normal value,PU,Public,0.0,0.0,0.0,0.0,0.0,0.0,0.0,0.0,0.0,0.0,0.0,0.0,0.0,0.0,0.0,0.0,0.0,0.0,0.0,0.0,0.0,0.0,0.0,0.0,0.0,0.0,0.0,0.0,0.0,0.0,0.0,0.0,0.0,0.0,0.0,0.0,0.0,0.0,0.0,0.0,0.0,0.0,0.0,0.0,0.0,0.0,0.0,0.0,0.0,0.0,0.0
A,Annual,IDN,Indonesia,WB_ESG_EN_CLC_HEAT_XD,Heat Index 35,COUNT,Count,WB_ESG,"Environment, Social & Governance (ESG)",0,Units,A,Normal value,PU,Public,0.0,0.0,0.0,0.01,0.0,0.0,0.0,0.0,0.01,0.02,0.01,0.0,0.01,0.04,0.0,0.0,0.0,0.06,0.08,0.0,0.06,0.01,0.0,0.01,0.01,0.07,0.04,0.04,2.05,0.02,0.12,0.08,0.23,0.22,0.39,0.19,0.1,0.15,0.03,0.27,1.46,0.2,0.23,0.71,0.59,0.72,2.36,0.8,0.8,1.28,2.28
A,Annual,IND,India,WB_ESG_EN_CLC_HEAT_XD,Heat Index 35,COUNT,Count,WB_ESG,"Environment, Social & Governance (ESG)",0,Units,A,Normal value,PU,Public,31.43,14.04,28.97,34.3,25.0,23.86,19.73,22.65,29.04,31.62,29.41,27.5,27.1,33.84,26.13,25.46,24.42,38.93,37.6,27.52,27.59,35.08,28.34,35.59,32.48,36.77,32.67,27.55,50.13,30.57,33.86,33.35,43.69,38.71,37.19,39.46,39.11,41.4,27.91,44.66,52.52,38.28,41.45,40.79,45.04,49.98,59.01,56.82,51.05,59.68,56.3
A,Annual,IRL,Ireland,WB_ESG_EN_CLC_HEAT_XD,Heat Index 35,COUNT,Count,WB_ESG,"Environment, Social & Governance (ESG)",0,Units,A,Normal value,PU,Public,0.0,0.0,0.0,0.0,0.0,0.0,0.0,0.0,0.0,0.0,0.0,0.0,0.0,0.0,0.0,0.0,0.0,0.0,0.0,0.0,0.0,0.0,0.0,0.0,0.0,0.0,0.0,0.0,0.0,0.0,0.0,0.0,0.0,0.0,0.0,0.0,0.0,0.0,0.0,0.0,0.0,0.0,0.0,0.0,0.0,0.0,0.0,0.0,0.0,0.0,0.0
A,Annual,IRN,"Iran, Islamic Rep.",WB_ESG_EN_CLC_HEAT_XD,Heat Index 35,COUNT,Count,WB_ESG,"Environment, Social & Governance (ESG)",0,Units,A,Normal value,PU,Public,7.73,5.36,6.03,7.36,5.14,6.77,6.3,8.53,6.15,7.63,7.3,6.77,5.9,9.57,4.6,5.36,7.04,6.92,10.0,8.4,8.22,6.72,5.81,7.45,10.4,10.68,8.82,10.53,11.81,10.29,8.97,10.83,10.5,12.28,8.89,11.96,12.82,12.24,13.02,12.32,13.29,13.58,9.78,11.74,11.99,12.81,12.73,13.18,14.83,15.65,15.06
A,Annual,IRQ,Iraq,WB_ESG_EN_CLC_HEAT_XD,Heat Index 35,COUNT,Count,WB_ESG,"Environment, Social & Governance (ESG)",0,Units,A,Normal value,PU,Public,4.22,4.85,9.25,10.33,8.81,10.39,3.82,12.41,12.56,17.51,15.81,21.2,9.42,13.12,6.33,11.87,21.65,24.91,19.42,19.31,13.87,16.13,8.03,20.57,13.98,16.93,33.44,15.47,42.01,36.0,34.43,29.68,24.71,24.62,23.19,25.11,36.46,32.41,32.82,21.68,45.11,31.05,34.44,19.46,33.54,43.55,46.13,49.69,31.41,38.6,38.47
A,Annual,ISL,Iceland,WB_ESG_EN_CLC_HEAT_XD,Heat Index 35,COUNT,Count,WB_ESG,"Environment, Social & Governance (ESG)",0,Units,A,Normal value,PU,Public,0.0,0.0,0.0,0.0,0.0,0.0,0.0,0.0,0.0,0.0,0.0,0.0,0.0,0.0,0.0,0.0,0.0,0.0,0.0,0.0,0.0,0.0,0.0,0.0,0.0,0.0,0.0,0.0,0.0,0.0,0.0,0.0,0.0,0.0,0.0,0.0,0.0,0.0,0.0,0.0,0.0,0.0,0.0,0.0,0.0,0.0,0.0,0.0,0.0,0.0,0.0
A,Annual,ISR,Israel,WB_ESG_EN_CLC_HEAT_XD,Heat Index 35,COUNT,Count,WB_ESG,"Environment, Social & Governance (ESG)",0,Units,A,Normal value,PU,Public,0.0,0.0,0.0,0.0,0.0,0.0,0.0,0.0,0.0,0.0,0.0,0.0,0.0,0.0,0.0,0.0,0.0,0.17,0.0,0.0,0.0,0.0,0.0,0.0,0.0,0.0,0.0,0.0,1.37,0.0,0.25,0.0,0.47,0.0,0.0,0.0,0.0,0.19,0.15,0.0,3.04,0.0,0.84,0.0,0.0,2.62,0.0,0.0,0.0,0.0,2.92
A,Annual,ITA,Italy,WB_ESG_EN_CLC_HEAT_XD,Heat Index 35,COUNT,Count,WB_ESG,"Environment, Social & Governance (ESG)",0,Units,A,Normal value,PU,Public,0.0,0.0,0.0,0.0,0.0,0.0,0.0,0.0,0.0,0.0,0.0,0.0,0.0,0.01,0.0,0.0,0.0,0.0,0.0,0.0,0.0,0.0,0.0,0.0,0.0,0.0,0.0,0.0,0.0,0.0,0.0,0.0,0.0,0.01,0.0,0.0,0.0,0.0,0.0,0.0,0.01,0.0,0.0,0.0,0.0,0.1,0.0,0.01,0.0,0.05,0.0
A,Annual,JAM,Jamaica,WB_ESG_EN_CLC_HEAT_XD,Heat Index 35,COUNT,Count,WB_ESG,"Environment, Social & Governance (ESG)",0,Units,A,Normal value,PU,Public,0.0,0.0,0.0,0.0,0.0,0.0,0.0,0.0,0.0,0.0,0.0,0.0,0.0,0.0,0.0,0.0,0.0,0.0,0.0,0.0,0.0,0.0,0.0,0.0,0.0,0.01,0.0,0.0,0.05,0.0,0.0,0.0,0.0,0.0,0.0,0.22,0.0,0.0,0.0,0.09,0.0,0.0,0.0,0.0,0.0,0.0,0.09,0.43,0.0,0.34,0.78
A,Annual,JOR,Jordan,WB_ESG_EN_CLC_HEAT_XD,Heat Index 35,COUNT,Count,WB_ESG,"Environment, Social & Governance (ESG)",0,Units,A,Normal value,PU,Public,0.0,0.0,0.0,0.0,0.0,0.0,0.0,0.0,0.19,0.0,0.09,0.0,0.0,0.0,0.0,0.01,0.0,0.1,0.0,0.0,0.0,0.0,0.0,0.0,0.0,0.0,0.0,0.0,0.43,0.0,0.4,0.01,0.02,0.0,0.0,0.0,0.0,0.13,0.02,0.0,0.68,0.16,0.15,0.0,0.0,0.75,0.04,0.1,0.0,0.0,1.75
A,Annual,JPN,Japan,WB_ESG_EN_CLC_HEAT_XD,Heat Index 35,COUNT,Count,WB_ESG,"Environment, Social & Governance (ESG)",0,Units,A,Normal value,PU,Public,0.02,0.05,0.01,0.02,0.0,0.0,0.01,0.05,0.06,0.06,0.0,0.02,0.0,0.39,0.16,0.03,0.01,0.09,0.03,0.0,0.48,0.36,0.0,0.0,1.42,0.63,0.28,0.11,0.86,0.01,0.1,0.56,0.23,0.05,0.22,0.07,0.28,0.35,0.5,0.12,1.0,0.2,0.24,1.82,0.4,0.6,0.69,1.55,2.49,1.81,2.33
A,Annual,KAZ,Kazakhstan,WB_ESG_EN_CLC_HEAT_XD,Heat Index 35,COUNT,Count,WB_ESG,"Environment, Social & Governance (ESG)",0,Units,A,Normal value,PU,Public,0.0,0.01,0.0,0.0,0.0,0.03,0.03,0.0,0.0,0.02,0.01,0.08,0.02,0.35,0.17,0.01,0.0,0.05,0.09,0.07,0.0,0.13,0.0,0.01,0.0,0.02,0.04,0.1,0.19,0.3,0.04,0.03,0.13,0.03,0.0,0.17,0.07,0.11,0.17,0.03,0.39,0.4,0.21,0.0,0.06,0.41,0.21,0.29,0.27,0.15,0.12
A,Annual,KEN,Kenya,WB_ESG_EN_CLC_HEAT_XD,Heat Index 35,COUNT,Count,WB_ESG,"Environment, Social & Governance (ESG)",0,Units,A,Normal value,PU,Public,0.0,0.0,0.0,0.04,0.0,0.0,0.0,0.01,0.01,0.0,0.22,0.0,0.0,0.66,0.04,0.0,0.0,0.35,0.35,0.0,0.0,0.04,0.1,0.0,0.14,0.01,0.0,0.04,1.58,0.0,0.01,0.02,0.58,0.22,0.14,0.66,0.04,0.2,0.07,0.15,1.06,0.15,0.0,1.41,0.65,1.33,6.91,0.61,0.01,3.8,5.01
A,Annual,KGZ,Kyrgyz Republic,WB_ESG_EN_CLC_HEAT_XD,Heat Index 35,COUNT,Count,WB_ESG,"Environment, Social & Governance (ESG)",0,Units,A,Normal value,PU,Public,0.0,0.0,0.0,0.0,0.0,0.0,0.0,0.0,0.0,0.0,0.0,0.0,0.0,0.0,0.0,0.0,0.0,0.0,0.0,0.0,0.0,0.0,0.0,0.0,0.0,0.0,0.0,0.0,0.0,0.0,0.0,0.0,0.0,0.0,0.0,0.0,0.0,0.0,0.0,0.0,0.0,0.0,0.0,0.0,0.0,0.0,0.0,0.0,0.0,0.0,0.0
A,Annual,KHM,Cambodia,WB_ESG_EN_CLC_HEAT_XD,Heat Index 35,COUNT,Count,WB_ESG,"Environment, Social & Governance (ESG)",0,Units,A,Normal value,PU,Public,8.87,0.98,9.3,19.54,1.49,4.99,1.98,10.28,10.83,19.49,21.35,11.19,11.83,30.01,7.51,6.27,12.36,26.46,23.05,10.93,25.68,19.14,27.77,17.87,12.33,24.0,12.78,12.55,61.62,5.32,9.3,25.66,32.56,38.21,35.81,32.52,18.99,27.59,13.78,21.06,64.18,17.59,29.92,49.28,47.85,56.67,68.45,46.73,24.78,63.1,63.68
A,Annual,KIR,Kiribati,WB_ESG_EN_CLC_HEAT_XD,Heat Index 35,COUNT,Count,WB_ESG,"Environment, Social & Governance (ESG)",0,Units,A,Normal value,PU,Public,0.0,0.0,0.0,0.0,0.0,0.0,0.0,0.0,0.0,0.0,0.0,0.0,0.0,0.0,0.0,0.0,0.0,0.0,0.0,0.0,0.0,0.0,0.0,0.0,0.0,0.0,0.0,0.0,0.0,0.0,0.0,0.0,0.0,0.0,0.0,0.0,0.0,0.0,0.0,0.0,0.0,0.0,0.0,0.0,0.0,0.0,0.0,0.0,0.0,0.0,0.0
A,Annual,KNA,St. Kitts and Nevis,WB_ESG_EN_CLC_HEAT_XD,Heat Index 35,COUNT,Count,WB_ESG,"Environment, Social & Governance (ESG)",0,Units,A,Normal value,PU,Public,0.0,0.0,0.0,0.0,0.0,0.0,0.0,0.0,0.0,0.0,0.0,0.0,0.0,0.0,0.0,0.0,0.0,0.0,0.0,0.0,0.0,0.0,0.0,0.0,0.0,0.0,0.0,0.0,0.0,0.0,0.0,0.0,0.0,0.0,0.0,0.0,0.0,0.0,0.0,0.0,0.0,0.0,0.0,0.0,0.0,0.0,0.0,0.0,0.0,0.0,0.0
A,Annual,KOR,"Korea, Rep.",WB_ESG_EN_CLC_HEAT_XD,Heat Index 35,COUNT,Count,WB_ESG,"Environment, Social & Governance (ESG)",0,Units,A,Normal value,PU,Public,0.0,0.3,0.02,0.0,0.0,0.02,0.0,0.12,0.5,0.0,0.0,0.03,0.0,1.49,0.22,0.07,0.0,0.0,0.02,0.0,0.35,0.0,0.05,0.0,3.07,0.26,0.14,0.03,0.24,0.0,0.0,0.13,0.0,0.0,0.41,0.06,0.19,0.06,0.0,0.0,0.28,0.0,0.52,2.23,0.13,0.21,1.83,2.84,6.35,0.66,0.44
A,Annual,KWT,Kuwait,WB_ESG_EN_CLC_HEAT_XD,Heat Index 35,COUNT,Count,WB_ESG,"Environment, Social & Governance (ESG)",0,Units,A,Normal value,PU,Public,12.3,14.73,18.08,25.04,22.78,28.0,12.13,33.38,23.01,44.06,29.62,38.83,23.5,36.23,14.59,20.35,53.33,53.18,42.84,47.28,30.83,30.21,14.57,43.36,21.72,34.93,66.29,38.2,80.16,75.87,61.9,50.54,49.03,51.84,50.26,53.2,77.66,60.82,65.61,50.88,79.52,55.88,63.04,46.06,73.94,85.27,81.44,90.66,87.87,87.66,77.23
A,Annual,LAO,Lao PDR,WB_ESG_EN_CLC_HEAT_XD,Heat Index 35,COUNT,Count,WB_ESG,"Environment, Social & Governance (ESG)",0,Units,A,Normal value,PU,Public,0.43,0.02,0.19,1.62,0.01,0.43,0.07,0.93,0.3,1.13,1.28,0.25,0.89,3.52,0.47,0.25,0.6,1.53,1.93,0.7,0.98,2.14,1.44,1.25,1.28,1.41,0.2,0.88,6.16,0.24,0.39,2.75,0.82,3.3,1.49,1.78,1.39,2.62,0.87,1.32,7.63,1.05,2.38,3.84,5.66,7.68,8.04,4.53,2.18,10.46,10.76
A,Annual,LBN,Lebanon,WB_ESG_EN_CLC_HEAT_XD,Heat Index 35,COUNT,Count,WB_ESG,"Environment, Social & Governance (ESG)",0,Units,A,Normal value,PU,Public,0.0,0.0,0.0,0.0,0.0,0.0,0.0,0.0,0.0,0.0,0.0,0.0,0.0,0.0,0.0,0.0,0.0,0.0,0.0,0.0,0.0,0.0,0.0,0.0,0.0,0.0,0.0,0.0,0.41,0.0,0.0,0.0,0.07,0.0,0.0,0.0,0.0,0.05,0.0,0.0,0.33,0.0,0.06,0.0,0.0,0.25,0.0,0.01,0.0,0.0,0.25
A,Annual,LBR,Liberia,WB_ESG_EN_CLC_HEAT_XD,Heat Index 35,COUNT,Count,WB_ESG,"Environment, Social & Governance (ESG)",0,Units,A,Normal value,PU,Public,0.0,0.0,0.0,0.0,0.0,0.0,0.0,0.0,0.0,0.0,0.0,0.0,0.0,0.0,0.0,0.0,0.0,0.0,0.0,0.0,0.0,0.0,0.0,0.0,0.0,0.0,0.0,0.0,0.0,0.0,0.0,0.0,0.0,0.0,0.0,0.0,0.0,0.0,0.0,0.0,0.0,0.0,0.0,0.0,0.0,0.0,0.0,0.0,0.0,0.0,0.06
A,Annual,LBY,Libya,WB_ESG_EN_CLC_HEAT_XD,Heat Index 35,COUNT,Count,WB_ESG,"Environment, Social & Governance (ESG)",0,Units,A,Normal value,PU,Public,0.0,0.0,0.11,0.05,0.01,0.0,0.02,0.09,0.01,0.0,0.01,0.18,0.01,0.02,0.0,0.0,0.03,0.08,1.35,0.1,0.01,0.03,0.04,0.07,0.0,1.24,0.12,0.83,0.1,0.14,0.01,0.12,0.86,0.08,0.05,0.19,0.15,0.07,0.13,0.15,1.16,0.27,0.03,0.06,0.21,0.25,0.11,0.03,0.87,0.38,0.15
A,Annual,LCA,St. Lucia,WB_ESG_EN_CLC_HEAT_XD,Heat Index 35,COUNT,Count,WB_ESG,"Environment, Social & Governance (ESG)",0,Units,A,Normal value,PU,Public,0.0,0.0,0.0,0.0,0.0,0.0,0.0,0.0,0.0,0.0,0.0,0.0,0.0,0.0,0.0,0.0,0.0,0.0,0.0,0.0,0.0,0.0,0.0,0.0,0.0,0.0,0.0,0.0,0.0,0.0,0.0,0.0,0.0,0.0,0.0,0.0,0.0,0.0,0.0,0.0,0.0,0.0,0.0,0.0,0.0,0.0,0.0,0.0,0.0,0.0,0.0
A,Annual,LIE,Liechtenstein,WB_ESG_EN_CLC_HEAT_XD,Heat Index 35,COUNT,Count,WB_ESG,"Environment, Social & Governance (ESG)",0,Units,A,Normal value,PU,Public,0.0,0.0,0.0,0.0,0.0,0.0,0.0,0.0,0.0,0.0,0.0,0.0,0.0,0.0,0.0,0.0,0.0,0.0,0.0,0.0,0.0,0.0,0.0,0.0,0.0,0.0,0.0,0.0,0.0,0.0,0.0,0.0,0.0,0.0,0.0,0.0,0.0,0.0,0.0,0.0,0.0,0.0,0.0,0.0,0.0,0.0,0.0,0.0,0.0,0.0,0.0
A,Annual,LKA,Sri Lanka,WB_ESG_EN_CLC_HEAT_XD,Heat Index 35,COUNT,Count,WB_ESG,"Environment, Social & Governance (ESG)",0,Units,A,Normal value,PU,Public,2.49,1.31,1.04,7.04,1.27,1.64,1.78,0.98,2.75,8.06,13.4,5.29,4.38,17.5,3.34,6.87,5.17,9.3,9.8,5.17,5.39,10.15,2.96,7.01,6.81,3.69,7.42,4.29,28.6,1.15,4.23,6.28,6.04,10.51,6.91,14.87,8.94,11.81,5.59,13.95,20.97,7.08,8.61,12.89,13.3,13.43,25.82,21.73,4.39,23.92,19.06
A,Annual,LSO,Lesotho,WB_ESG_EN_CLC_HEAT_XD,Heat Index 35,COUNT,Count,WB_ESG,"Environment, Social & Governance (ESG)",0,Units,A,Normal value,PU,Public,0.0,0.0,0.0,0.0,0.0,0.0,0.0,0.0,0.0,0.0,0.0,0.0,0.0,0.0,0.0,0.0,0.0,0.0,0.0,0.0,0.0,0.0,0.0,0.0,0.0,0.0,0.0,0.0,0.0,0.0,0.0,0.0,0.0,0.0,0.0,0.0,0.0,0.0,0.0,0.0,0.0,0.0,0.0,0.0,0.0,0.0,0.0,0.0,0.0,0.0,0.0
A,Annual,LTU,Lithuania,WB_ESG_EN_CLC_HEAT_XD,Heat Index 35,COUNT,Count,WB_ESG,"Environment, Social & Governance (ESG)",0,Units,A,Normal value,PU,Public,0.0,0.0,0.0,0.0,0.0,0.0,0.0,0.0,0.0,0.0,0.0,0.0,0.0,0.0,0.0,0.0,0.0,0.0,0.0,0.0,0.0,0.0,0.0,0.0,0.0,0.0,0.0,0.0,0.0,0.0,0.0,0.0,0.0,0.0,0.0,0.0,0.0,0.0,0.0,0.0,0.0,0.0,0.0,0.0,0.0,0.0,0.0,0.0,0.0,0.0,0.0
A,Annual,LUX,Luxembourg,WB_ESG_EN_CLC_HEAT_XD,Heat Index 35,COUNT,Count,WB_ESG,"Environment, Social & Governance (ESG)",0,Units,A,Normal value,PU,Public,0.0,0.0,0.0,0.0,0.0,0.0,0.0,0.0,0.0,0.0,0.0,0.0,0.0,0.0,0.0,0.0,0.0,0.0,0.0,0.0,0.0,0.0,0.0,0.0,0.0,0.0,0.0,0.0,0.0,0.0,0.0,0.0,0.0,0.0,0.0,0.0,0.0,0.0,0.0,0.0,0.0,0.0,0.0,0.0,0.0,0.0,0.0,0.0,0.0,0.0,0.0
A,Annual,LVA,Latvia,WB_ESG_EN_CLC_HEAT_XD,Heat Index 35,COUNT,Count,WB_ESG,"Environment, Social & Governance (ESG)",0,Units,A,Normal value,PU,Public,0.0,0.0,0.0,0.0,0.0,0.0,0.0,0.0,0.0,0.0,0.0,0.0,0.0,0.0,0.0,0.0,0.0,0.0,0.0,0.0,0.0,0.0,0.0,0.0,0.0,0.0,0.0,0.0,0.0,0.0,0.0,0.0,0.0,0.0,0.0,0.0,0.0,0.0,0.0,0.0,0.0,0.0,0.0,0.0,0.0,0.0,0.0,0.0,0.0,0.0,0.0
A,Annual,MAR,Morocco,WB_ESG_EN_CLC_HEAT_XD,Heat Index 35,COUNT,Count,WB_ESG,"Environment, Social & Governance (ESG)",0,Units,A,Normal value,PU,Public,0.41,0.02,0.06,0.22,0.14,0.16,0.0,0.0,0.03,0.19,0.49,0.12,0.29,0.09,0.04,0.34,0.33,0.22,0.69,0.19,0.38,0.46,0.05,0.27,0.35,0.64,0.24,0.15,1.73,1.08,0.5,1.11,0.38,1.3,0.74,0.9,1.02,1.13,1.25,1.27,2.47,1.38,2.43,0.75,0.81,0.79,1.61,1.26,1.17,0.83,2.23
A,Annual,MCO,Monaco,WB_ESG_EN_CLC_HEAT_XD,Heat Index 35,COUNT,Count,WB_ESG,"Environment, Social & Governance (ESG)",0,Units,A,Normal value,PU,Public,0.0,0.0,0.0,0.0,0.0,0.0,0.0,0.0,0.0,0.0,0.0,0.0,0.0,0.0,0.0,0.0,0.0,0.0,0.0,0.0,0.0,0.0,0.0,0.0,0.0,0.0,0.0,0.0,0.0,0.0,0.0,0.0,0.0,0.0,0.0,0.0,0.0,0.0,0.0,0.0,0.0,0.0,0.0,0.0,0.0,0.0,0.0,0.0,0.0,0.0,0.0
A,Annual,MDA,Moldova,WB_ESG_EN_CLC_HEAT_XD,Heat Index 35,COUNT,Count,WB_ESG,"Environment, Social & Governance (ESG)",0,Units,A,Normal value,PU,Public,0.0,0.0,0.0,0.0,0.0,0.0,0.0,0.0,0.0,0.0,0.0,0.0,0.0,0.0,0.0,0.0,0.0,0.0,0.0,0.0,0.0,0.0,0.0,0.0,0.0,0.0,0.0,0.0,0.0,0.0,0.0,0.0,0.0,0.0,0.0,0.0,0.0,0.0,0.0,0.0,0.0,0.0,0.0,0.0,0.0,0.0,0.0,0.0,0.0,0.0,0.0
A,Annual,MDG,Madagascar,WB_ESG_EN_CLC_HEAT_XD,Heat Index 35,COUNT,Count,WB_ESG,"Environment, Social & Governance (ESG)",0,Units,A,Normal value,PU,Public,0.0,0.0,0.0,0.11,0.0,0.0,0.0,0.02,0.13,0.03,0.03,0.17,0.0,0.15,0.0,0.02,0.0,0.07,0.11,0.0,0.0,0.22,0.0,0.01,0.07,0.0,0.05,0.1,0.74,0.1,0.02,0.03,0.04,0.08,0.29,0.2,0.35,0.03,0.01,0.17,0.22,0.15,0.01,0.09,0.08,0.08,0.74,0.24,0.15,0.45,0.38
A,Annual,MDV,Maldives,WB_ESG_EN_CLC_HEAT_XD,Heat Index 35,COUNT,Count,WB_ESG,"Environment, Social & Governance (ESG)",0,Units,A,Normal value,PU,Public,0.0,0.0,0.0,0.0,0.0,0.0,0.0,0.0,0.0,0.0,0.0,0.0,0.0,0.0,0.0,0.0,0.0,0.0,0.0,0.0,0.0,0.0,0.0,0.0,0.0,0.0,0.0,0.0,3.0,0.0,0.0,0.0,0.0,0.0,0.0,0.0,0.0,0.0,0.0,0.0,0.0,0.0,0.0,0.0,0.0,0.0,3.0,0.0,0.0,0.0,0.0
A,Annual,MEX,Mexico,WB_ESG_EN_CLC_HEAT_XD,Heat Index 35,COUNT,Count,WB_ESG,"Environment, Social & Governance (ESG)",0,Units,A,Normal value,PU,Public,1.51,1.23,1.52,1.27,1.18,1.46,1.23,2.09,2.82,2.97,4.8,3.83,3.07,4.42,2.41,1.77,2.11,3.29,2.9,3.56,3.64,2.54,3.39,2.53,3.9,5.24,4.04,5.25,9.08,3.36,3.57,4.38,3.11,5.3,3.93,6.56,5.74,4.6,4.87,8.2,8.37,8.61,5.19,5.02,6.25,7.86,9.09,7.16,6.14,11.36,10.3
A,Annual,MHL,Marshall Islands,WB_ESG_EN_CLC_HEAT_XD,Heat Index 35,COUNT,Count,WB_ESG,"Environment, Social & Governance (ESG)",0,Units,A,Normal value,PU,Public,0.0,0.0,0.0,0.0,0.0,0.0,0.0,0.0,0.0,0.0,0.0,0.0,0.0,0.0,0.0,0.0,0.0,0.0,0.0,0.0,0.0,0.0,0.0,0.0,0.0,0.0,0.0,0.0,0.0,0.0,0.0,0.0,0.0,0.0,0.0,0.0,0.0,0.0,0.0,0.0,0.0,0.0,0.0,0.0,0.0,0.0,0.0,0.0,0.0,0.0,0.0
A,Annual,MKD,North Macedonia,WB_ESG_EN_CLC_HEAT_XD,Heat Index 35,COUNT,Count,WB_ESG,"Environment, Social & Governance (ESG)",0,Units,A,Normal value,PU,Public,0.0,0.0,0.0,0.0,0.0,0.0,0.0,0.0,0.0,0.0,0.0,0.0,0.0,0.0,0.0,0.0,0.0,0.0,0.0,0.0,0.0,0.0,0.0,0.0,0.0,0.0,0.0,0.0,0.0,0.0,0.0,0.0,0.0,0.0,0.0,0.0,0.0,0.0,0.0,0.0,0.0,0.0,0.0,0.0,0.0,0.0,0.0,0.0,0.0,0.0,0.0
A,Annual,MLI,Mali,WB_ESG_EN_CLC_HEAT_XD,Heat Index 35,COUNT,Count,WB_ESG,"Environment, Social & Governance (ESG)",0,Units,A,Normal value,PU,Public,13.38,4.7,14.92,17.21,5.2,3.43,4.16,13.7,11.64,15.2,24.16,17.9,13.31,28.08,6.39,7.16,10.46,31.35,26.23,15.63,18.44,26.54,9.42,16.31,16.65,25.15,14.45,20.65,42.14,14.65,12.07,16.81,33.27,27.59,19.56,30.65,22.0,26.59,18.49,33.1,56.35,39.38,22.71,23.7,34.22,35.63,48.13,47.88,38.29,45.96,40.93
A,Annual,MLT,Malta,WB_ESG_EN_CLC_HEAT_XD,Heat Index 35,COUNT,Count,WB_ESG,"Environment, Social & Governance (ESG)",0,Units,A,Normal value,PU,Public,0.0,0.0,0.0,0.0,0.0,0.0,0.0,0.0,0.0,0.0,0.0,0.0,0.0,0.0,0.0,0.0,0.0,0.0,0.0,0.0,0.0,0.0,0.0,0.0,0.0,0.0,0.0,0.0,0.0,0.0,0.0,0.0,0.0,0.0,0.0,0.0,0.0,0.0,0.0,0.0,0.0,0.0,0.0,0.0,0.0,0.0,0.0,0.0,0.0,0.0,0.0
A,Annual,MMR,Myanmar,WB_ESG_EN_CLC_HEAT_XD,Heat Index 35,COUNT,Count,WB_ESG,"Environment, Social & Governance (ESG)",0,Units,A,Normal value,PU,Public,4.83,1.0,6.53,3.65,2.26,2.98,1.61,3.36,5.25,7.59,8.25,3.23,4.33,9.51,2.54,2.45,5.71,8.05,5.2,4.22,2.9,8.15,6.45,6.7,9.9,11.14,6.92,6.39,17.98,6.6,4.7,6.17,5.24,10.54,8.2,15.96,8.6,10.55,6.39,14.63,21.8,7.84,15.35,13.44,20.92,16.8,18.48,16.16,11.26,26.43,24.8
A,Annual,MNE,Montenegro,WB_ESG_EN_CLC_HEAT_XD,Heat Index 35,COUNT,Count,WB_ESG,"Environment, Social & Governance (ESG)",0,Units,A,Normal value,PU,Public,0.0,0.0,0.0,0.0,0.0,0.0,0.0,0.0,0.0,0.0,0.0,0.0,0.0,0.0,0.0,0.0,0.0,0.0,0.23,0.0,0.0,0.0,0.0,0.0,0.0,0.0,0.0,0.0,0.35,0.12,0.0,0.0,0.0,0.0,0.0,0.0,0.12,0.0,0.0,0.0,0.0,0.0,0.0,0.0,0.0,0.24,0.0,0.62,0.0,0.35,0.0
A,Annual,MNG,Mongolia,WB_ESG_EN_CLC_HEAT_XD,Heat Index 35,COUNT,Count,WB_ESG,"Environment, Social & Governance (ESG)",0,Units,A,Normal value,PU,Public,0.0,0.0,0.0,0.0,0.0,0.0,0.0,0.0,0.0,0.0,0.0,0.0,0.0,0.0,0.0,0.0,0.0,0.0,0.0,0.0,0.0,0.0,0.0,0.0,0.0,0.0,0.0,0.0,0.0,0.01,0.0,0.0,0.0,0.0,0.0,0.0,0.0,0.0,0.0,0.0,0.01,0.0,0.0,0.0,0.0,0.0,0.0,0.0,0.0,0.0,0.0
A,Annual,MOZ,Mozambique,WB_ESG_EN_CLC_HEAT_XD,Heat Index 35,COUNT,Count,WB_ESG,"Environment, Social & Governance (ESG)",0,Units,A,Normal value,PU,Public,0.07,0.07,0.32,1.01,0.02,0.05,0.47,0.22,0.05,0.15,0.52,0.26,0.16,0.65,0.31,0.09,0.14,0.34,0.14,0.05,0.3,0.42,1.03,0.24,0.46,0.13,0.01,0.29,0.85,0.48,0.09,0.18,0.07,1.05,0.29,1.12,1.65,0.82,0.48,1.32,1.22,0.24,0.39,0.32,0.32,0.79,3.99,0.25,1.14,2.86,2.73
A,Annual,MRT,Mauritania,WB_ESG_EN_CLC_HEAT_XD,Heat Index 35,COUNT,Count,WB_ESG,"Environment, Social & Governance (ESG)",0,Units,A,Normal value,PU,Public,12.34,3.96,11.2,13.22,7.42,4.78,5.46,9.94,9.48,19.1,16.04,15.93,9.79,23.18,8.88,8.33,10.3,30.01,27.7,19.27,21.03,22.78,8.61,14.73,21.36,23.97,12.87,22.51,36.74,17.52,13.78,23.39,23.06,26.13,16.52,29.58,28.17,19.99,24.78,33.6,46.05,32.67,25.44,28.32,29.98,34.93,38.66,39.22,26.31,31.29,45.75
A,Annual,MUS,Mauritius,WB_ESG_EN_CLC_HEAT_XD,Heat Index 35,COUNT,Count,WB_ESG,"Environment, Social & Governance (ESG)",0,Units,A,Normal value,PU,Public,0.0,0.0,0.0,0.0,0.0,0.0,0.0,0.0,0.0,0.0,0.0,0.0,0.0,0.0,0.0,0.0,0.0,0.0,0.0,0.0,0.0,0.0,0.0,0.0,0.0,0.0,0.0,0.0,0.0,0.0,0.0,0.0,0.0,0.0,0.0,0.0,0.0,0.0,0.0,0.0,0.0,0.0,0.0,0.0,0.0,0.0,0.0,0.0,0.0,0.0,0.0
A,Annual,MWI,Malawi,WB_ESG_EN_CLC_HEAT_XD,Heat Index 35,COUNT,Count,WB_ESG,"Environment, Social & Governance (ESG)",0,Units,A,Normal value,PU,Public,0.0,0.0,0.01,0.04,0.0,0.0,0.0,0.04,0.0,0.01,0.04,0.01,0.0,0.06,0.03,0.0,0.0,0.12,0.01,0.0,0.01,0.01,0.06,0.03,0.07,0.01,0.0,0.0,0.03,0.02,0.02,0.03,0.01,0.08,0.0,0.06,0.07,0.02,0.08,0.12,0.22,0.02,0.01,0.01,0.06,0.16,0.63,0.0,0.2,0.31,0.4
A,Annual,MYS,Malaysia,WB_ESG_EN_CLC_HEAT_XD,Heat Index 35,COUNT,Count,WB_ESG,"Environment, Social & Governance (ESG)",0,Units,A,Normal value,PU,Public,0.0,0.0,0.0,0.02,0.0,0.0,0.0,0.0,0.02,0.04,0.05,0.0,0.01,0.04,0.0,0.01,0.01,0.1,0.04,0.0,0.11,0.08,0.02,0.0,0.0,0.05,0.05,0.07,2.81,0.01,0.06,0.0,0.2,0.19,0.49,0.16,0.06,0.04,0.0,0.2,0.89,0.17,0.01,0.82,1.13,0.87,4.03,0.63,1.29,1.87,2.78
A,Annual,NAM,Namibia,WB_ESG_EN_CLC_HEAT_XD,Heat Index 35,COUNT,Count,WB_ESG,"Environment, Social & Governance (ESG)",0,Units,A,Normal value,PU,Public,0.0,0.0,0.0,0.0,0.0,0.0,0.0,0.0,0.0,0.0,0.0,0.0,0.0,0.0,0.0,0.0,0.0,0.0,0.0,0.0,0.0,0.0,0.0,0.0,0.0,0.0,0.0,0.0,0.0,0.0,0.0,0.0,0.0,0.0,0.0,0.0,0.0,0.0,0.0,0.0,0.0,0.0,0.0,0.0,0.0,0.0,0.0,0.0,0.0,0.0,0.0
A,Annual,NER,Niger,WB_ESG_EN_CLC_HEAT_XD,Heat Index 35,COUNT,Count,WB_ESG,"Environment, Social & Governance (ESG)",0,Units,A,Normal value,PU,Public,5.03,3.55,4.44,4.69,1.67,1.97,1.95,2.73,4.86,5.57,9.2,5.31,4.69,7.37,3.5,2.82,3.7,7.45,7.12,2.5,6.21,9.88,3.54,4.8,3.8,7.17,4.64,6.45,16.62,2.94,4.45,6.26,9.7,6.71,7.89,7.13,5.71,6.94,4.31,9.65,19.63,11.69,6.61,8.52,13.01,15.16,18.81,14.76,14.35,19.69,15.81
A,Annual,NGA,Nigeria,WB_ESG_EN_CLC_HEAT_XD,Heat Index 35,COUNT,Count,WB_ESG,"Environment, Social & Governance (ESG)",0,Units,A,Normal value,PU,Public,4.23,2.18,1.99,6.22,1.18,1.45,1.75,2.48,2.6,3.59,7.09,4.3,5.38,12.24,4.17,3.96,6.13,6.79,10.24,2.08,6.98,6.69,3.35,7.14,5.63,8.08,5.99,3.6,24.41,4.38,5.78,6.95,9.14,7.33,10.39,14.05,10.48,9.99,3.22,10.2,26.1,12.31,8.86,15.14,11.6,11.51,24.7,13.03,12.43,18.29,19.51
A,Annual,NIC,Nicaragua,WB_ESG_EN_CLC_HEAT_XD,Heat Index 35,COUNT,Count,WB_ESG,"Environment, Social & Governance (ESG)",0,Units,A,Normal value,PU,Public,0.04,0.0,0.0,0.04,0.0,0.0,0.0,0.0,0.02,0.12,0.61,0.06,0.09,0.79,0.02,0.0,0.04,0.58,0.16,0.02,0.14,0.35,0.2,0.08,0.04,0.06,0.04,0.11,0.6,0.0,0.0,0.02,0.06,0.36,0.38,0.56,0.16,0.02,0.06,0.04,1.34,0.23,0.04,0.16,0.32,1.13,1.95,0.81,0.08,1.17,1.42
A,Annual,NLD,Netherlands,WB_ESG_EN_CLC_HEAT_XD,Heat Index 35,COUNT,Count,WB_ESG,"Environment, Social & Governance (ESG)",0,Units,A,Normal value,PU,Public,0.0,0.0,0.0,0.0,0.0,0.0,0.0,0.0,0.0,0.0,0.0,0.0,0.0,0.0,0.0,0.0,0.0,0.0,0.0,0.0,0.0,0.0,0.0,0.0,0.0,0.0,0.0,0.0,0.0,0.0,0.0,0.0,0.0,0.0,0.0,0.0,0.0,0.0,0.0,0.0,0.0,0.0,0.0,0.0,0.0,0.0,0.0,0.0,0.0,0.0,0.0
A,Annual,NOR,Norway,WB_ESG_EN_CLC_HEAT_XD,Heat Index 35,COUNT,Count,WB_ESG,"Environment, Social & Governance (ESG)",0,Units,A,Normal value,PU,Public,0.0,0.0,0.0,0.0,0.0,0.0,0.0,0.0,0.0,0.0,0.0,0.0,0.0,0.0,0.0,0.0,0.0,0.0,0.0,0.0,0.0,0.0,0.0,0.0,0.0,0.0,0.0,0.0,0.0,0.0,0.0,0.0,0.0,0.0,0.0,0.0,0.0,0.0,0.0,0.0,0.0,0.0,0.0,0.0,0.0,0.0,0.0,0.0,0.0,0.0,0.0
A,Annual,NPL,Nepal,WB_ESG_EN_CLC_HEAT_XD,Heat Index 35,COUNT,Count,WB_ESG,"Environment, Social & Governance (ESG)",0,Units,A,Normal value,PU,Public,3.07,0.77,5.09,3.39,3.84,3.86,2.48,3.74,4.36,5.21,3.78,3.74,5.03,6.05,3.65,4.01,4.64,6.2,4.73,3.63,4.28,5.27,4.3,5.19,8.31,7.48,5.55,4.86,8.07,4.77,3.84,5.55,5.36,5.8,5.46,7.42,7.22,6.73,4.23,7.73,6.96,4.77,7.72,6.7,7.86,8.75,8.47,10.0,9.81,11.42,7.73
A,Annual,NRU,Nauru,WB_ESG_EN_CLC_HEAT_XD,Heat Index 35,COUNT,Count,WB_ESG,"Environment, Social & Governance (ESG)",0,Units,A,Normal value,PU,Public,0.0,0.0,0.0,0.0,0.0,0.0,0.0,0.0,0.0,0.0,0.0,0.0,0.0,0.0,0.0,0.0,0.0,0.0,0.0,0.0,0.0,0.0,0.0,0.0,0.0,0.0,0.0,0.0,0.0,0.0,0.0,0.0,0.0,0.0,0.0,0.0,0.0,0.0,0.0,0.0,0.0,0.0,0.0,0.0,0.0,2.0,0.0,0.0,0.0,0.0,0.0
A,Annual,NZL,New Zealand,WB_ESG_EN_CLC_HEAT_XD,Heat Index 35,COUNT,Count,WB_ESG,"Environment, Social & Governance (ESG)",0,Units,A,Normal value,PU,Public,0.0,0.0,0.0,0.0,0.0,0.0,0.0,0.0,0.0,0.0,0.0,0.0,0.0,0.0,0.0,0.0,0.0,0.0,0.0,0.0,0.0,0.0,0.0,0.0,0.0,0.0,0.0,0.0,0.0,0.0,0.0,0.0,0.0,0.0,0.0,0.0,0.0,0.0,0.0,0.0,0.0,0.0,0.0,0.0,0.0,0.0,0.0,0.0,0.0,0.0,0.0
A,Annual,OMN,Oman,WB_ESG_EN_CLC_HEAT_XD,Heat Index 35,COUNT,Count,WB_ESG,"Environment, Social & Governance (ESG)",0,Units,A,Normal value,PU,Public,32.8,25.13,26.33,32.6,22.25,29.99,19.28,30.68,25.67,41.66,47.54,37.12,33.89,52.88,20.52,31.42,42.95,45.86,50.02,34.34,47.46,35.76,29.83,45.09,47.2,40.52,46.28,52.63,72.79,43.12,37.04,41.0,45.43,53.53,37.56,47.82,48.69,60.28,42.93,56.3,63.45,57.39,55.72,45.19,50.53,64.94,55.27,67.11,59.78,68.48,72.47
A,Annual,PAK,Pakistan,WB_ESG_EN_CLC_HEAT_XD,Heat Index 35,COUNT,Count,WB_ESG,"Environment, Social & Governance (ESG)",0,Units,A,Normal value,PU,Public,51.52,44.55,40.3,48.44,39.94,42.42,39.13,43.93,43.59,41.69,48.71,46.4,44.46,52.62,45.43,41.13,39.01,47.94,58.38,39.58,55.09,44.27,40.96,53.9,49.16,47.26,44.37,48.03,58.57,48.95,53.63,53.44,52.56,52.09,51.66,49.25,56.82,59.74,55.4,57.82,56.23,58.25,52.52,59.94,55.2,52.33,67.06,62.66,59.41,63.22,65.34
A,Annual,PAN,Panama,WB_ESG_EN_CLC_HEAT_XD,Heat Index 35,COUNT,Count,WB_ESG,"Environment, Social & Governance (ESG)",0,Units,A,Normal value,PU,Public,0.0,0.0,0.0,0.0,0.0,0.0,0.0,0.0,0.0,0.0,0.0,0.0,0.0,0.02,0.0,0.0,0.0,0.0,0.0,0.0,0.0,0.0,0.0,0.0,0.0,0.0,0.0,0.06,0.17,0.0,0.0,0.0,0.0,0.01,0.02,0.07,0.11,0.0,0.0,0.0,0.72,0.0,0.0,0.0,0.11,4.38,0.19,0.11,0.0,0.58,0.17
A,Annual,PER,Peru,WB_ESG_EN_CLC_HEAT_XD,Heat Index 35,COUNT,Count,WB_ESG,"Environment, Social & Governance (ESG)",0,Units,A,Normal value,PU,Public,0.0,0.0,0.0,0.0,0.0,0.0,0.0,0.0,0.0,0.0,0.0,0.0,0.0,0.02,0.0,0.0,0.0,0.01,0.0,0.0,0.0,0.0,0.04,0.0,0.0,0.01,0.0,0.03,0.05,0.0,0.0,0.01,0.0,0.03,0.01,0.05,0.0,0.03,0.05,0.23,0.29,0.01,0.06,0.01,0.01,0.37,1.17,0.0,0.01,0.05,0.44
A,Annual,PHL,Philippines,WB_ESG_EN_CLC_HEAT_XD,Heat Index 35,COUNT,Count,WB_ESG,"Environment, Social & Governance (ESG)",0,Units,A,Normal value,PU,Public,0.31,0.01,0.24,1.21,0.12,0.27,0.09,0.33,0.58,0.42,0.39,0.32,0.39,1.87,0.03,0.18,0.47,2.81,3.63,0.99,1.67,2.32,1.17,2.55,1.26,1.61,0.53,0.22,5.55,0.08,0.51,1.22,2.48,2.37,1.83,4.0,2.31,4.28,0.37,1.86,9.13,1.77,1.88,4.83,7.22,5.33,10.89,5.96,4.86,8.96,11.43
A,Annual,PLW,Palau,WB_ESG_EN_CLC_HEAT_XD,Heat Index 35,COUNT,Count,WB_ESG,"Environment, Social & Governance (ESG)",0,Units,A,Normal value,PU,Public,0.0,0.0,0.0,0.0,0.0,0.0,0.0,0.0,0.0,0.0,0.0,0.0,0.0,0.0,0.0,0.0,0.0,0.0,0.0,0.0,0.0,0.0,0.0,0.0,0.0,0.0,0.0,0.0,0.0,0.0,0.0,0.0,0.0,0.0,0.0,0.0,0.0,0.0,0.0,0.0,0.0,0.0,0.0,0.0,0.0,0.0,0.0,2.0,0.0,0.0,0.0
A,Annual,PNG,Papua New Guinea,WB_ESG_EN_CLC_HEAT_XD,Heat Index 35,COUNT,Count,WB_ESG,"Environment, Social & Governance (ESG)",0,Units,A,Normal value,PU,Public,0.0,0.0,0.0,0.0,0.0,0.0,0.0,0.0,0.0,0.0,0.0,0.0,0.0,0.0,0.0,0.0,0.01,0.01,0.1,0.0,0.01,0.03,0.0,0.0,0.02,0.01,0.0,0.04,0.57,0.02,0.04,0.06,0.06,0.23,0.11,0.04,0.08,0.14,0.08,0.03,0.45,0.06,0.04,0.15,0.17,0.38,0.54,0.19,1.19,0.18,0.9
A,Annual,POL,Poland,WB_ESG_EN_CLC_HEAT_XD,Heat Index 35,COUNT,Count,WB_ESG,"Environment, Social & Governance (ESG)",0,Units,A,Normal value,PU,Public,0.0,0.0,0.0,0.0,0.0,0.0,0.0,0.0,0.0,0.0,0.0,0.0,0.0,0.0,0.0,0.0,0.0,0.0,0.0,0.0,0.0,0.0,0.0,0.0,0.0,0.0,0.0,0.0,0.0,0.0,0.0,0.0,0.0,0.0,0.0,0.0,0.0,0.0,0.0,0.0,0.0,0.0,0.0,0.0,0.0,0.0,0.0,0.0,0.0,0.0,0.0
A,Annual,PRK,"Korea, Dem. People's Rep.",WB_ESG_EN_CLC_HEAT_XD,Heat Index 35,COUNT,Count,WB_ESG,"Environment, Social & Governance (ESG)",0,Units,A,Normal value,PU,Public,0.0,0.0,0.0,0.0,0.0,0.0,0.0,0.0,0.01,0.0,0.0,0.0,0.0,0.0,0.0,0.0,0.0,0.0,0.0,0.0,0.0,0.0,0.0,0.0,0.85,0.0,0.0,0.25,0.0,0.0,0.0,0.0,0.0,0.0,0.0,0.02,0.0,0.0,0.0,0.0,0.0,0.0,0.02,0.05,0.08,0.0,0.11,0.01,2.37,0.21,0.0
A,Annual,PRT,Portugal,WB_ESG_EN_CLC_HEAT_XD,Heat Index 35,COUNT,Count,WB_ESG,"Environment, Social & Governance (ESG)",0,Units,A,Normal value,PU,Public,0.0,0.0,0.0,0.0,0.0,0.0,0.0,0.0,0.0,0.0,0.0,0.0,0.0,0.0,0.0,0.0,0.0,0.0,0.0,0.0,0.0,0.0,0.0,0.0,0.0,0.0,0.0,0.0,0.0,0.0,0.0,0.0,0.0,0.0,0.0,0.0,0.0,0.0,0.0,0.0,0.0,0.0,0.0,0.0,0.0,0.0,0.0,0.0,0.0,0.0,0.0
A,Annual,PRY,Paraguay,WB_ESG_EN_CLC_HEAT_XD,Heat Index 35,COUNT,Count,WB_ESG,"Environment, Social & Governance (ESG)",0,Units,A,Normal value,PU,Public,4.78,1.7,4.3,17.12,2.42,2.02,0.32,1.69,3.72,5.86,3.4,1.18,1.22,2.91,1.75,2.88,2.23,3.57,5.49,1.45,6.96,2.88,1.3,4.47,4.38,3.61,3.95,15.45,17.02,3.39,5.02,7.7,18.41,8.32,4.23,5.15,12.32,7.02,4.15,17.72,18.54,1.97,10.58,10.73,7.21,15.25,18.67,14.42,10.14,21.96,15.69
A,Annual,QAT,Qatar,WB_ESG_EN_CLC_HEAT_XD,Heat Index 35,COUNT,Count,WB_ESG,"Environment, Social & Governance (ESG)",0,Units,A,Normal value,PU,Public,65.85,70.51,86.38,73.59,71.96,91.1,63.6,85.85,65.05,104.52,84.2,74.33,78.85,70.24,53.97,77.06,101.81,87.63,93.55,87.12,86.08,65.07,77.47,90.93,90.78,90.56,109.34,104.36,138.07,122.38,91.02,95.45,112.6,111.92,93.22,97.46,120.48,128.74,108.47,116.96,125.13,116.8,112.04,83.04,114.01,128.39,107.53,128.12,134.99,139.69,128.45
A,Annual,ROU,Romania,WB_ESG_EN_CLC_HEAT_XD,Heat Index 35,COUNT,Count,WB_ESG,"Environment, Social & Governance (ESG)",0,Units,A,Normal value,PU,Public,0.0,0.0,0.0,0.0,0.0,0.0,0.0,0.0,0.0,0.0,0.0,0.0,0.0,0.0,0.0,0.0,0.0,0.01,0.01,0.0,0.0,0.0,0.0,0.0,0.0,0.0,0.0,0.0,0.0,0.0,0.0,0.0,0.0,0.0,0.0,0.0,0.0,0.0,0.0,0.0,0.0,0.0,0.01,0.0,0.0,0.0,0.0,0.0,0.0,0.0,0.0
A,Annual,RUS,Russian Federation,WB_ESG_EN_CLC_HEAT_XD,Heat Index 35,COUNT,Count,WB_ESG,"Environment, Social & Governance (ESG)",0,Units,A,Normal value,PU,Public,0.0,0.0,0.0,0.0,0.0,0.0,0.0,0.0,0.0,0.0,0.0,0.0,0.0,0.01,0.0,0.0,0.0,0.0,0.0,0.0,0.0,0.01,0.0,0.0,0.0,0.0,0.0,0.0,0.01,0.02,0.0,0.0,0.0,0.0,0.0,0.0,0.0,0.0,0.0,0.0,0.04,0.02,0.01,0.0,0.0,0.01,0.02,0.01,0.01,0.0,0.0
A,Annual,RWA,Rwanda,WB_ESG_EN_CLC_HEAT_XD,Heat Index 35,COUNT,Count,WB_ESG,"Environment, Social & Governance (ESG)",0,Units,A,Normal value,PU,Public,0.0,0.0,0.0,0.0,0.0,0.0,0.0,0.0,0.0,0.0,0.0,0.0,0.0,0.0,0.0,0.0,0.0,0.0,0.0,0.0,0.0,0.0,0.0,0.0,0.0,0.0,0.0,0.0,0.0,0.0,0.0,0.0,0.0,0.0,0.0,0.0,0.0,0.0,0.0,0.0,0.0,0.0,0.0,0.0,0.0,0.0,0.0,0.0,0.0,0.0,0.0
A,Annual,SAU,Saudi Arabia,WB_ESG_EN_CLC_HEAT_XD,Heat Index 35,COUNT,Count,WB_ESG,"Environment, Social & Governance (ESG)",0,Units,A,Normal value,PU,Public,6.5,6.03,7.72,10.06,7.81,9.31,5.83,10.96,9.14,11.23,10.74,10.82,6.85,12.46,4.89,9.62,14.37,18.09,15.86,13.61,11.59,9.98,7.7,12.86,10.79,13.12,22.65,12.32,38.15,20.36,19.1,21.53,16.61,21.56,15.73,22.84,26.48,25.71,23.5,21.77,41.3,28.14,29.28,18.45,20.28,30.72,33.62,41.99,32.44,33.88,34.57
A,Annual,SDN,Sudan,WB_ESG_EN_CLC_HEAT_XD,Heat Index 35,COUNT,Count,WB_ESG,"Environment, Social & Governance (ESG)",0,Units,A,Normal value,PU,Public,1.22,0.52,2.49,3.42,2.3,0.45,0.67,1.45,1.48,5.1,3.84,3.26,0.92,2.28,0.45,0.8,1.22,4.42,5.57,3.26,1.3,4.3,3.09,2.0,2.47,4.89,3.87,3.26,9.32,4.31,4.39,5.63,5.97,6.56,3.34,7.37,4.69,4.88,3.8,6.11,11.05,4.45,5.84,4.27,4.07,7.27,7.11,7.81,6.57,9.35,3.78
A,Annual,SEN,Senegal,WB_ESG_EN_CLC_HEAT_XD,Heat Index 35,COUNT,Count,WB_ESG,"Environment, Social & Governance (ESG)",0,Units,A,Normal value,PU,Public,10.44,5.37,13.75,15.4,4.66,4.52,6.57,11.79,9.95,22.97,16.82,21.78,11.45,33.27,18.75,8.35,15.24,39.57,19.35,19.63,24.16,14.02,9.58,25.64,13.26,31.24,23.41,35.34,42.39,23.03,17.91,25.38,34.24,33.6,28.71,51.8,50.6,29.32,28.72,41.86,50.75,51.5,41.5,44.11,52.7,46.53,50.44,54.84,31.76,48.54,61.52
A,Annual,SGP,Singapore,WB_ESG_EN_CLC_HEAT_XD,Heat Index 35,COUNT,Count,WB_ESG,"Environment, Social & Governance (ESG)",0,Units,A,Normal value,PU,Public,0.0,0.0,0.0,0.0,0.0,0.0,0.0,0.0,0.0,1.0,0.0,0.0,0.0,0.0,0.0,0.0,0.0,0.0,2.0,0.0,2.0,0.0,0.0,0.0,0.0,0.0,0.0,0.0,12.0,0.0,0.0,0.0,0.0,0.0,4.0,0.0,0.0,0.0,0.0,0.0,2.0,0.0,0.0,2.0,2.0,0.0,6.0,0.0,1.0,0.0,0.0
A,Annual,SLB,Solomon Islands,WB_ESG_EN_CLC_HEAT_XD,Heat Index 35,COUNT,Count,WB_ESG,"Environment, Social & Governance (ESG)",0,Units,A,Normal value,PU,Public,0.0,0.0,0.0,0.0,0.0,0.0,0.0,0.0,0.0,0.0,0.0,0.0,0.0,0.0,0.0,0.0,0.0,0.0,0.0,0.0,0.0,0.0,0.0,0.0,0.0,0.0,0.0,0.02,0.0,0.0,0.0,0.0,0.0,0.0,0.0,0.0,0.0,0.0,0.0,0.0,0.0,0.0,0.0,0.0,0.0,0.0,0.01,0.0,0.01,0.0,0.0
A,Annual,SLE,Sierra Leone,WB_ESG_EN_CLC_HEAT_XD,Heat Index 35,COUNT,Count,WB_ESG,"Environment, Social & Governance (ESG)",0,Units,A,Normal value,PU,Public,0.0,0.0,0.0,0.11,0.0,0.0,0.0,0.0,0.0,0.0,0.0,0.0,0.0,0.1,0.0,0.0,0.0,0.0,0.07,0.0,0.0,0.0,0.0,0.0,0.0,0.0,0.0,0.0,0.46,0.0,0.03,0.0,0.03,0.0,0.13,0.07,0.0,0.14,0.0,0.0,0.29,0.0,0.0,0.0,0.0,0.03,0.54,1.18,0.0,0.14,3.6
A,Annual,SLV,El Salvador,WB_ESG_EN_CLC_HEAT_XD,Heat Index 35,COUNT,Count,WB_ESG,"Environment, Social & Governance (ESG)",0,Units,A,Normal value,PU,Public,0.0,0.0,0.15,0.07,0.0,0.0,0.0,0.0,0.07,0.36,0.23,0.11,0.03,1.22,0.0,0.0,0.0,0.87,0.23,0.03,0.11,0.53,0.19,0.39,0.0,0.0,0.0,1.22,1.24,0.0,0.0,0.19,0.5,0.22,0.99,0.43,0.54,0.0,0.0,0.58,1.57,0.33,0.11,0.15,1.04,4.11,3.6,1.39,0.62,3.52,2.88
A,Annual,SMR,San Marino,WB_ESG_EN_CLC_HEAT_XD,Heat Index 35,COUNT,Count,WB_ESG,"Environment, Social & Governance (ESG)",0,Units,A,Normal value,PU,Public,0.0,0.0,0.0,0.0,0.0,0.0,0.0,0.0,0.0,0.0,0.0,0.0,0.0,0.0,0.0,0.0,0.0,0.0,0.0,0.0,0.0,0.0,0.0,0.0,0.0,0.0,0.0,0.0,0.0,0.0,0.0,0.0,0.0,0.0,0.0,0.0,0.0,0.0,0.0,0.0,0.0,0.0,0.0,0.0,0.0,0.0,0.0,0.0,0.0,0.0,0.0
A,Annual,SOM,Somalia,WB_ESG_EN_CLC_HEAT_XD,Heat Index 35,COUNT,Count,WB_ESG,"Environment, Social & Governance (ESG)",0,Units,A,Normal value,PU,Public,1.38,0.85,1.47,1.7,1.19,1.11,1.02,1.68,1.6,2.71,2.66,2.29,2.17,5.2,1.36,1.35,1.62,3.11,2.98,1.33,2.34,2.33,1.63,1.63,1.49,2.03,2.0,2.67,6.86,2.02,1.69,2.21,2.58,2.94,2.22,3.15,2.94,3.28,1.99,2.5,4.66,2.51,2.18,3.31,3.12,4.01,6.96,3.78,1.97,6.08,6.91
A,Annual,SRB,Serbia,WB_ESG_EN_CLC_HEAT_XD,Heat Index 35,COUNT,Count,WB_ESG,"Environment, Social & Governance (ESG)",0,Units,A,Normal value,PU,Public,0.0,0.0,0.0,0.0,0.0,0.0,0.0,0.0,0.0,0.0,0.0,0.0,0.0,0.0,0.0,0.0,0.0,0.0,0.0,0.0,0.0,0.0,0.0,0.0,0.0,0.0,0.0,0.0,0.0,0.0,0.0,0.0,0.0,0.0,0.0,0.0,0.0,0.0,0.0,0.0,0.0,0.0,0.0,0.0,0.0,0.0,0.0,0.0,0.0,0.0,0.0
A,Annual,SSD,South Sudan,WB_ESG_EN_CLC_HEAT_XD,Heat Index 35,COUNT,Count,WB_ESG,"Environment, Social & Governance (ESG)",0,Units,A,Normal value,PU,Public,0.11,0.0,0.01,0.37,0.07,0.0,0.0,0.03,0.02,0.68,0.23,0.14,0.19,0.65,0.06,0.0,0.17,0.1,0.45,0.04,1.14,0.11,1.28,0.42,0.17,0.39,0.01,0.01,10.24,0.02,0.3,2.07,2.78,1.85,1.05,2.39,1.13,1.63,0.03,2.3,5.51,0.6,0.13,0.42,0.05,0.24,9.45,1.15,1.08,5.23,1.45
A,Annual,STP,Sao Tome and Principe,WB_ESG_EN_CLC_HEAT_XD,Heat Index 35,COUNT,Count,WB_ESG,"Environment, Social & Governance (ESG)",0,Units,A,Normal value,PU,Public,0.0,0.0,0.0,0.0,0.0,0.0,0.0,0.0,0.0,0.0,0.0,0.0,0.0,0.0,0.0,0.0,0.0,0.0,0.0,0.0,0.0,0.0,0.0,0.0,0.0,0.0,0.0,0.0,0.0,0.0,0.0,0.0,0.0,0.0,0.0,0.0,0.0,0.0,0.0,0.0,0.0,0.0,0.0,0.0,0.0,0.0,0.0,0.0,0.0,0.0,0.0
A,Annual,SUR,Suriname,WB_ESG_EN_CLC_HEAT_XD,Heat Index 35,COUNT,Count,WB_ESG,"Environment, Social & Governance (ESG)",0,Units,A,Normal value,PU,Public,0.0,0.0,0.0,0.0,0.0,0.0,0.0,0.0,0.0,0.0,0.0,0.0,0.0,0.0,0.0,0.0,0.0,0.0,0.0,0.0,0.0,0.0,0.0,0.0,0.0,0.0,0.0,0.0,0.0,0.0,0.0,0.0,0.0,0.0,0.0,0.0,0.0,0.0,0.0,0.0,0.0,0.0,0.0,0.0,0.0,0.0,0.0,0.0,0.0,0.0,0.0
A,Annual,SVK,Slovak Republic,WB_ESG_EN_CLC_HEAT_XD,Heat Index 35,COUNT,Count,WB_ESG,"Environment, Social & Governance (ESG)",0,Units,A,Normal value,PU,Public,0.0,0.0,0.0,0.0,0.0,0.0,0.0,0.0,0.0,0.0,0.0,0.0,0.0,0.0,0.0,0.0,0.0,0.0,0.0,0.0,0.0,0.0,0.0,0.0,0.0,0.0,0.0,0.0,0.0,0.0,0.0,0.0,0.0,0.0,0.0,0.0,0.0,0.0,0.0,0.0,0.0,0.0,0.0,0.0,0.0,0.0,0.0,0.0,0.0,0.0,0.0
A,Annual,SVN,Slovenia,WB_ESG_EN_CLC_HEAT_XD,Heat Index 35,COUNT,Count,WB_ESG,"Environment, Social & Governance (ESG)",0,Units,A,Normal value,PU,Public,0.0,0.0,0.0,0.0,0.0,0.0,0.0,0.0,0.0,0.0,0.0,0.0,0.0,0.0,0.0,0.0,0.0,0.0,0.0,0.0,0.0,0.0,0.0,0.0,0.0,0.0,0.0,0.0,0.0,0.0,0.0,0.0,0.0,0.0,0.0,0.0,0.0,0.0,0.0,0.0,0.0,0.0,0.0,0.0,0.0,0.0,0.0,0.0,0.0,0.0,0.0
A,Annual,SWE,Sweden,WB_ESG_EN_CLC_HEAT_XD,Heat Index 35,COUNT,Count,WB_ESG,"Environment, Social & Governance (ESG)",0,Units,A,Normal value,PU,Public,0.0,0.0,0.0,0.0,0.0,0.0,0.0,0.0,0.0,0.0,0.0,0.0,0.0,0.0,0.0,0.0,0.0,0.0,0.0,0.0,0.0,0.0,0.0,0.0,0.0,0.0,0.0,0.0,0.0,0.0,0.0,0.0,0.0,0.0,0.0,0.0,0.0,0.0,0.0,0.0,0.0,0.0,0.0,0.0,0.0,0.0,0.0,0.0,0.0,0.0,0.0
A,Annual,SWZ,Eswatini,WB_ESG_EN_CLC_HEAT_XD,Heat Index 35,COUNT,Count,WB_ESG,"Environment, Social & Governance (ESG)",0,Units,A,Normal value,PU,Public,0.0,0.0,0.0,0.0,0.0,0.0,0.03,0.06,0.0,0.0,0.08,0.0,0.0,0.0,0.0,0.0,0.0,0.0,0.0,0.0,0.0,0.06,0.06,0.03,0.0,0.0,0.0,0.0,0.0,0.06,0.0,0.0,0.0,0.0,0.0,0.0,0.0,0.0,0.0,0.25,0.0,0.0,0.0,0.0,0.0,0.06,0.09,0.0,0.06,0.0,0.0
A,Annual,SYC,Seychelles,WB_ESG_EN_CLC_HEAT_XD,Heat Index 35,COUNT,Count,WB_ESG,"Environment, Social & Governance (ESG)",0,Units,A,Normal value,PU,Public,0.0,0.0,0.0,0.0,0.0,0.0,0.0,0.0,0.0,0.0,0.0,0.0,0.0,0.0,0.0,0.0,0.0,0.0,0.0,0.0,0.0,0.0,0.0,0.0,0.0,0.0,0.0,0.0,0.31,0.0,0.0,0.0,0.0,0.0,0.0,0.0,0.0,0.0,0.0,0.0,0.0,0.0,0.0,0.0,0.0,0.0,2.0,0.0,0.0,0.0,0.0
A,Annual,SYR,Syrian Arab Republic,WB_ESG_EN_CLC_HEAT_XD,Heat Index 35,COUNT,Count,WB_ESG,"Environment, Social & Governance (ESG)",0,Units,A,Normal value,PU,Public,0.0,0.0,0.0,0.18,0.38,0.22,0.0,0.18,0.88,0.14,2.07,1.0,0.0,0.0,0.03,0.09,0.05,2.03,0.28,0.05,0.1,0.14,0.0,0.38,0.01,0.21,2.18,0.0,5.66,1.59,3.69,3.35,1.47,1.71,0.65,1.35,0.6,2.37,0.85,0.11,4.39,1.35,3.13,0.07,2.26,3.1,4.99,4.14,0.51,2.33,2.9
A,Annual,TCD,Chad,WB_ESG_EN_CLC_HEAT_XD,Heat Index 35,COUNT,Count,WB_ESG,"Environment, Social & Governance (ESG)",0,Units,A,Normal value,PU,Public,2.45,0.5,1.7,2.99,1.22,0.76,1.45,2.64,2.4,3.7,6.53,2.68,1.65,3.02,1.4,0.72,0.87,3.12,4.73,1.34,4.46,5.41,2.53,2.56,2.76,7.3,2.67,3.27,13.88,1.33,1.78,4.75,4.89,5.92,6.89,7.76,5.65,5.85,1.88,4.66,16.35,8.64,6.03,4.81,8.73,10.87,15.14,12.69,12.46,13.58,8.84
A,Annual,TGO,Togo,WB_ESG_EN_CLC_HEAT_XD,Heat Index 35,COUNT,Count,WB_ESG,"Environment, Social & Governance (ESG)",0,Units,A,Normal value,PU,Public,5.0,2.57,1.71,5.87,2.0,1.55,1.51,3.94,2.1,4.05,6.98,4.07,4.86,10.14,5.07,5.97,6.89,8.97,10.6,4.71,4.24,3.85,4.05,5.97,6.37,7.69,6.17,1.41,23.07,5.23,8.26,7.26,9.53,6.11,8.23,14.25,8.46,10.63,4.22,11.7,26.7,12.15,6.9,14.82,10.87,11.42,25.88,14.27,15.86,24.87,21.37
A,Annual,THA,Thailand,WB_ESG_EN_CLC_HEAT_XD,Heat Index 35,COUNT,Count,WB_ESG,"Environment, Social & Governance (ESG)",0,Units,A,Normal value,PU,Public,8.36,2.45,7.62,14.83,1.55,7.36,4.23,9.74,10.49,13.32,18.0,7.09,9.8,25.34,8.13,5.32,8.52,17.91,18.46,10.82,12.8,19.56,18.43,15.1,12.22,19.38,9.72,13.25,44.38,6.95,8.73,18.26,18.46,27.08,20.3,30.55,21.29,24.05,11.2,17.69,46.02,11.61,18.19,24.82,32.27,39.38,48.23,29.0,18.07,46.31,49.43
A,Annual,TJK,Tajikistan,WB_ESG_EN_CLC_HEAT_XD,Heat Index 35,COUNT,Count,WB_ESG,"Environment, Social & Governance (ESG)",0,Units,A,Normal value,PU,Public,0.0,0.01,0.0,0.06,0.0,0.04,0.05,0.25,0.04,0.04,0.01,0.18,0.07,0.36,0.0,0.0,0.0,0.07,0.29,0.0,0.0,0.0,0.0,0.01,0.14,0.08,0.0,0.18,0.23,0.0,0.0,0.08,0.04,0.11,0.0,0.04,0.0,0.02,0.13,0.0,0.06,0.0,0.0,0.13,0.01,0.16,0.06,0.2,0.21,0.29,0.02
A,Annual,TKM,Turkmenistan,WB_ESG_EN_CLC_HEAT_XD,Heat Index 35,COUNT,Count,WB_ESG,"Environment, Social & Governance (ESG)",0,Units,A,Normal value,PU,Public,0.11,0.32,0.07,0.59,0.23,3.22,1.2,2.19,0.28,1.75,0.5,1.51,0.07,5.23,1.56,0.47,1.22,1.21,2.13,2.47,0.62,1.4,0.07,0.56,0.28,3.93,2.2,2.65,2.79,4.33,2.26,1.35,5.25,2.34,1.01,4.16,3.62,1.32,3.83,1.56,6.14,7.52,2.58,1.77,4.53,9.15,3.52,5.15,12.07,7.56,2.44
A,Annual,TLS,Timor-Leste,WB_ESG_EN_CLC_HEAT_XD,Heat Index 35,COUNT,Count,WB_ESG,"Environment, Social & Governance (ESG)",0,Units,A,Normal value,PU,Public,0.0,0.0,0.0,0.0,0.0,0.0,0.0,0.0,0.0,0.0,0.0,0.0,0.0,0.0,0.0,0.0,0.0,0.0,0.0,0.0,0.0,0.0,0.0,0.0,0.0,0.0,0.0,0.0,0.0,0.0,0.01,0.0,0.07,0.12,0.0,0.06,0.0,0.01,0.06,0.0,0.12,0.13,0.0,0.0,0.0,0.1,0.25,0.0,0.29,0.15,0.27
A,Annual,TON,Tonga,WB_ESG_EN_CLC_HEAT_XD,Heat Index 35,COUNT,Count,WB_ESG,"Environment, Social & Governance (ESG)",0,Units,A,Normal value,PU,Public,0.0,0.0,0.0,0.0,0.0,0.0,0.0,0.0,0.0,0.0,0.0,0.0,0.0,0.0,0.0,0.0,0.0,0.0,0.0,0.0,0.0,0.0,0.0,0.0,0.0,0.0,0.0,0.0,0.0,0.0,0.0,0.0,0.0,0.0,0.0,0.0,0.0,0.0,0.0,0.0,0.0,0.0,0.0,0.0,0.0,0.0,0.0,0.0,0.0,0.0,0.0
A,Annual,TTO,Trinidad and Tobago,WB_ESG_EN_CLC_HEAT_XD,Heat Index 35,COUNT,Count,WB_ESG,"Environment, Social & Governance (ESG)",0,Units,A,Normal value,PU,Public,0.0,0.0,0.0,0.0,0.0,0.0,0.0,0.0,0.0,0.0,0.0,0.0,0.0,0.0,0.0,0.0,0.0,0.0,0.0,0.0,0.0,0.0,0.0,0.0,0.0,0.0,0.0,0.0,0.0,0.0,0.0,0.0,0.0,0.0,0.0,0.0,0.0,0.0,0.0,0.0,0.0,0.0,0.0,0.0,0.0,0.0,0.0,0.0,0.0,0.0,0.0
A,Annual,TUN,Tunisia,WB_ESG_EN_CLC_HEAT_XD,Heat Index 35,COUNT,Count,WB_ESG,"Environment, Social & Governance (ESG)",0,Units,A,Normal value,PU,Public,0.34,0.07,0.27,1.36,0.01,0.03,0.1,0.91,0.01,0.24,0.13,1.2,0.84,0.8,0.11,0.17,0.18,2.33,1.17,1.11,0.14,0.58,0.01,1.43,0.33,2.96,2.94,6.51,1.52,8.07,0.56,3.59,3.61,7.99,2.09,5.46,3.59,1.71,3.94,3.45,3.79,2.88,6.16,1.1,2.98,2.89,2.1,3.37,4.45,5.07,2.44
A,Annual,TUR,Turkiye,WB_ESG_EN_CLC_HEAT_XD,Heat Index 35,COUNT,Count,WB_ESG,"Environment, Social & Governance (ESG)",0,Units,A,Normal value,PU,Public,0.0,0.0,0.0,0.01,0.0,0.01,0.0,0.0,0.0,0.0,0.07,0.01,0.0,0.0,0.0,0.01,0.0,0.05,0.01,0.0,0.01,0.01,0.0,0.0,0.0,0.0,0.04,0.0,0.46,0.2,0.31,0.3,0.08,0.1,0.0,0.11,0.07,0.18,0.18,0.02,0.31,0.06,0.17,0.01,0.06,0.08,0.17,0.1,0.05,0.08,0.14
A,Annual,TUV,Tuvalu,WB_ESG_EN_CLC_HEAT_XD,Heat Index 35,COUNT,Count,WB_ESG,"Environment, Social & Governance (ESG)",0,Units,A,Normal value,PU,Public,0.0,0.0,0.0,0.0,0.0,0.0,0.0,0.0,0.0,0.0,0.0,0.0,0.0,0.0,0.0,0.0,0.0,0.0,0.27,0.0,0.0,0.0,0.0,0.0,0.0,0.0,0.0,0.0,0.0,0.0,0.0,0.0,0.0,0.0,0.0,0.0,0.0,0.0,0.0,0.0,0.0,0.0,0.0,0.0,0.0,1.0,0.0,0.0,0.0,1.0,0.0
A,Annual,TZA,Tanzania,WB_ESG_EN_CLC_HEAT_XD,Heat Index 35,COUNT,Count,WB_ESG,"Environment, Social & Governance (ESG)",0,Units,A,Normal value,PU,Public,0.0,0.0,0.0,0.0,0.0,0.0,0.0,0.0,0.0,0.0,0.0,0.0,0.0,0.0,0.0,0.0,0.0,0.0,0.0,0.0,0.02,0.0,0.0,0.0,0.0,0.0,0.0,0.0,0.04,0.0,0.0,0.0,0.0,0.0,0.0,0.02,0.01,0.02,0.0,0.0,0.02,0.0,0.0,0.01,0.03,0.07,0.39,0.07,0.02,0.17,0.08
A,Annual,UGA,Uganda,WB_ESG_EN_CLC_HEAT_XD,Heat Index 35,COUNT,Count,WB_ESG,"Environment, Social & Governance (ESG)",0,Units,A,Normal value,PU,Public,0.0,0.0,0.0,0.0,0.0,0.0,0.0,0.0,0.0,0.0,0.0,0.0,0.0,0.0,0.0,0.0,0.0,0.0,0.0,0.0,0.0,0.0,0.0,0.0,0.0,0.0,0.0,0.0,0.0,0.0,0.0,0.0,0.0,0.0,0.0,0.0,0.0,0.0,0.0,0.0,0.0,0.0,0.0,0.0,0.0,0.0,0.0,0.0,0.0,0.0,0.0
A,Annual,UKR,Ukraine,WB_ESG_EN_CLC_HEAT_XD,Heat Index 35,COUNT,Count,WB_ESG,"Environment, Social & Governance (ESG)",0,Units,A,Normal value,PU,Public,0.0,0.0,0.0,0.0,0.0,0.0,0.0,0.0,0.0,0.0,0.0,0.0,0.0,0.0,0.0,0.0,0.0,0.0,0.0,0.0,0.0,0.0,0.0,0.0,0.0,0.0,0.0,0.0,0.03,0.0,0.0,0.01,0.0,0.0,0.0,0.0,0.0,0.0,0.0,0.0,0.01,0.0,0.0,0.0,0.0,0.0,0.0,0.01,0.0,0.0,0.0
A,Annual,URY,Uruguay,WB_ESG_EN_CLC_HEAT_XD,Heat Index 35,COUNT,Count,WB_ESG,"Environment, Social & Governance (ESG)",0,Units,A,Normal value,PU,Public,0.0,0.32,0.0,0.09,0.0,0.25,0.04,0.0,0.0,0.0,0.02,0.0,0.0,0.0,0.16,0.04,0.09,0.0,0.0,0.0,0.97,0.0,0.0,0.0,0.15,0.0,0.0,0.1,0.03,0.0,0.0,0.02,0.18,0.01,0.0,0.0,0.28,0.03,0.0,0.0,0.12,0.0,0.44,0.02,0.74,0.0,0.01,0.0,0.0,0.24,0.0
A,Annual,USA,United States,WB_ESG_EN_CLC_HEAT_XD,Heat Index 35,COUNT,Count,WB_ESG,"Environment, Social & Governance (ESG)",0,Units,A,Normal value,PU,Public,0.26,0.15,0.2,0.13,0.13,0.1,0.05,0.3,0.28,0.19,1.64,0.61,0.13,0.53,0.19,0.19,0.42,0.37,0.5,0.34,0.45,0.13,0.29,0.35,0.4,0.9,0.42,0.43,1.23,0.77,0.44,0.58,0.28,0.47,0.29,0.61,0.61,0.58,0.33,0.88,2.15,2.31,0.77,0.48,0.35,0.93,1.29,0.85,0.89,1.57,1.29
A,Annual,UZB,Uzbekistan,WB_ESG_EN_CLC_HEAT_XD,Heat Index 35,COUNT,Count,WB_ESG,"Environment, Social & Governance (ESG)",0,Units,A,Normal value,PU,Public,0.02,0.02,0.0,0.16,0.12,0.84,0.58,0.55,0.1,0.49,0.13,1.08,0.01,2.25,0.67,0.14,0.29,0.13,0.88,0.16,0.16,0.22,0.04,0.37,0.05,0.54,0.05,1.2,0.49,1.07,0.31,0.06,1.89,0.6,0.0,1.96,0.1,0.22,1.33,0.01,0.65,2.06,0.19,0.16,0.28,2.3,0.05,1.49,2.33,2.1,0.22
A,Annual,VCT,St. Vincent and the Grenadines,WB_ESG_EN_CLC_HEAT_XD,Heat Index 35,COUNT,Count,WB_ESG,"Environment, Social & Governance (ESG)",0,Units,A,Normal value,PU,Public,0.0,0.0,0.0,0.0,0.0,0.0,0.0,0.0,0.0,0.0,0.0,0.0,0.0,0.0,0.0,0.0,0.0,0.0,0.0,0.0,0.0,0.0,0.0,0.0,0.0,0.0,0.0,0.0,0.0,0.0,0.0,0.0,0.0,0.0,0.0,0.0,0.0,0.0,0.0,0.0,0.0,0.0,0.0,0.0,0.0,0.0,0.0,0.0,0.0,0.0,0.0
A,Annual,VEN,"Venezuela, RB",WB_ESG_EN_CLC_HEAT_XD,Heat Index 35,COUNT,Count,WB_ESG,"Environment, Social & Governance (ESG)",0,Units,A,Normal value,PU,Public,0.01,0.0,0.25,0.04,0.0,0.0,0.08,0.15,0.11,0.11,0.35,0.08,0.09,1.77,0.21,0.02,0.06,1.45,0.49,0.1,0.89,0.65,0.55,0.35,0.42,0.4,0.05,0.76,2.18,0.06,0.07,0.3,0.38,0.59,1.58,2.91,1.29,1.15,0.6,2.39,6.27,1.13,1.73,3.62,3.56,6.47,7.14,1.03,1.12,1.81,3.52
A,Annual,VNM,Viet Nam,WB_ESG_EN_CLC_HEAT_XD,Heat Index 35,COUNT,Count,WB_ESG,"Environment, Social & Governance (ESG)",0,Units,A,Normal value,PU,Public,8.63,4.48,8.02,11.85,5.78,6.45,5.63,12.05,7.94,9.96,9.36,8.67,10.02,16.57,6.85,6.97,8.33,16.4,13.64,7.36,13.09,9.7,12.47,13.07,8.55,11.83,7.65,8.6,26.03,8.8,8.4,12.56,13.91,17.01,11.95,13.07,10.12,14.18,7.74,13.73,25.71,10.13,13.94,17.89,22.4,27.96,28.63,20.53,16.78,33.04,32.38
A,Annual,VUT,Vanuatu,WB_ESG_EN_CLC_HEAT_XD,Heat Index 35,COUNT,Count,WB_ESG,"Environment, Social & Governance (ESG)",0,Units,A,Normal value,PU,Public,0.0,0.0,0.0,0.0,0.0,0.0,0.0,0.0,0.0,0.0,0.0,0.0,0.0,0.0,0.0,0.0,0.0,0.0,0.0,0.0,0.0,0.0,0.0,0.0,0.0,0.0,0.0,0.0,0.0,0.0,0.0,0.0,0.0,0.0,0.0,0.0,0.0,0.0,0.0,0.0,0.0,0.0,0.0,0.0,0.0,0.0,0.32,0.0,0.0,0.0,0.0
A,Annual,WSM,Samoa,WB_ESG_EN_CLC_HEAT_XD,Heat Index 35,COUNT,Count,WB_ESG,"Environment, Social & Governance (ESG)",0,Units,A,Normal value,PU,Public,0.0,0.0,0.0,0.0,0.0,0.0,0.0,0.0,0.0,0.0,0.0,0.0,0.0,0.0,0.0,0.0,0.0,0.0,0.0,0.0,0.0,0.0,0.0,0.0,0.0,0.0,0.0,0.0,0.0,0.0,0.0,0.0,0.0,0.0,0.0,0.0,0.0,0.0,0.0,0.0,0.08,0.0,0.0,0.0,0.0,0.0,0.06,0.0,0.0,0.0,0.0
A,Annual,YEM,"Yemen, Rep.",WB_ESG_EN_CLC_HEAT_XD,Heat Index 35,COUNT,Count,WB_ESG,"Environment, Social & Governance (ESG)",0,Units,A,Normal value,PU,Public,8.85,7.0,8.15,9.75,8.13,7.86,7.53,9.52,8.94,11.08,14.36,13.17,11.3,16.09,9.37,11.9,12.27,16.78,14.95,12.37,14.58,12.59,9.88,14.41,10.72,13.59,14.57,16.51,20.88,15.47,15.0,17.06,12.84,15.03,14.97,24.03,18.12,19.85,18.61,17.34,26.85,23.73,21.37,18.47,18.42,18.9,20.05,22.78,18.11,21.8,20.48
A,Annual,ZAF,South Africa,WB_ESG_EN_CLC_HEAT_XD,Heat Index 35,COUNT,Count,WB_ESG,"Environment, Social & Governance (ESG)",0,Units,A,Normal value,PU,Public,0.0,0.0,0.0,0.0,0.0,0.0,0.0,0.02,0.0,0.0,0.01,0.0,0.0,0.0,0.0,0.0,0.0,0.0,0.0,0.0,0.0,0.0,0.02,0.0,0.0,0.0,0.0,0.0,0.0,0.0,0.0,0.0,0.0,0.01,0.0,0.0,0.0,0.0,0.0,0.02,0.0,0.0,0.0,0.0,0.0,0.01,0.02,0.0,0.01,0.03,0.04
A,Annual,ZMB,Zambia,WB_ESG_EN_CLC_HEAT_XD,Heat Index 35,COUNT,Count,WB_ESG,"Environment, Social & Governance (ESG)",0,Units,A,Normal value,PU,Public,0.0,0.0,0.0,0.0,0.0,0.0,0.0,0.0,0.0,0.0,0.0,0.0,0.0,0.0,0.0,0.0,0.0,0.0,0.0,0.0,0.0,0.0,0.0,0.0,0.0,0.0,0.0,0.0,0.0,0.0,0.0,0.0,0.0,0.0,0.0,0.0,0.0,0.0,0.0,0.0,0.0,0.01,0.0,0.0,0.0,0.01,0.02,0.0,0.0,0.03,0.01
A,Annual,ZWE,Zimbabwe,WB_ESG_EN_CLC_HEAT_XD,Heat Index 35,COUNT,Count,WB_ESG,"Environment, Social & Governance (ESG)",0,Units,A,Normal value,PU,Public,0.0,0.0,0.01,0.01,0.0,0.0,0.01,0.01,0.0,0.0,0.0,0.01,0.0,0.01,0.01,0.0,0.0,0.01,0.0,0.0,0.0,0.0,0.03,0.0,0.01,0.0,0.0,0.0,0.01,0.0,0.0,0.0,0.0,0.02,0.0,0.01,0.06,0.0,0.0,0.0,0.0,0.02,0.0,0.0,0.0,0.02,0.15,0.0,0.01,0.21,0.11
